Product ID;Sales;Quantity;Profit
FUR-BO-10001798;1263.9569999999999;12.0;-56.321399999999976
FUR-CH-10000454;10637.527999999998;51.0;1927.442
OFF-LA-10000240;153.51;23.0;64.4011
FUR-TA-10000577;7242.768000000001;29.0;-532.7613
OFF-ST-10000760;301.96799999999996;24.0;63.7488
FUR-FU-10001487;160.54;23.0;46.5566
OFF-AR-10002833;30.576;18.0;6.6612
TEC-PH-10002275;2116.688;14.0;211.6688
OFF-BI-10003910;215.109;35.0;66.69149999999999
OFF-AP-10002892;464.19599999999997;22.0;110.30399999999999
FUR-TA-10001539;4952.673;30.0;-450.2430000000007
TEC-PH-10002033;2221.596;9.0;324.69480000000004
OFF-PA-10002365;89.424;15.0;38.879999999999995
OFF-BI-10003656;4181.754;38.0;693.5591999999999
OFF-AP-10002311;1383.081;26.0;381.20739999999995
OFF-BI-10000756;94.128;39.0;11.448
OFF-ST-10004186;2552.54;23.0;51.050799999999995
OFF-ST-10000107;477.3;18.0;67.70999999999998
OFF-AR-10003056;96.72800000000001;23.0;26.835600000000003
TEC-PH-10001949;213.48;3.0;16.011
OFF-BI-10002215;143.42;23.0;55.238
OFF-AR-10000246;61.716;23.0;14.4004
OFF-AP-10001492;343.0760000000001;41.0;81.54520000000001
FUR-CH-10002774;764.6999999999999;19.0;76.9798
OFF-BI-10001634;115.024;21.0;37.0552
TEC-AC-10003027;350.20399999999995;13.0;8.7551
FUR-BO-10004834;15610.9656;24.0;-669.5448000000004
OFF-BI-10000474;197.169;32.0;-69.5702
FUR-FU-10004848;1438.1319999999998;44.0;235.14070000000004
OFF-EN-10001509;68.136;35.0;30.294
OFF-AR-10004042;496.24799999999993;30.0;113.27399999999997
OFF-BI-10001525;63.62700000000001;37.0;-13.906500000000001
OFF-AR-10001683;171.39;19.0;55.357
OFF-PA-10000249;196.48;17.0;85.83720000000001
TEC-PH-10004977;5291.7300000000005;32.0;838.8371999999997
FUR-FU-10003664;2863.8;33.0;627.1722000000001
OFF-EN-10002986;176.288;13.0;63.747
FUR-BO-10002545;7539.7122;35.0;780.3302000000001
FUR-CH-10004218;3150.576;35.0;499.851
TEC-PH-10000486;2227.008;24.0;250.5383999999999
TEC-PH-10004093;846.216;23.0;95.19930000000001
OFF-ST-10003479;872.2559999999999;25.0;-52.56900000000006
OFF-ST-10003282;1051.776;18.0;277.2864
TEC-AC-10000171;248.29199999999997;12.0;91.0404
OFF-BI-10003291;238.329;46.0;25.491600000000002
OFF-ST-10001713;953.82;20.0;-63.58800000000002
TEC-AC-10002167;357.0;25.0;23.249999999999996
TEC-PH-10003988;261.59999999999997;28.0;41.856
OFF-BI-10004410;85.995;21.0;15.0969
OFF-LA-10002762;639.03;51.0;300.3441
FUR-FU-10001706;115.19199999999998;44.0;44.72160000000001
FUR-CH-10003061;1448.839;19.0;63.892899999999806
OFF-FA-10000304;54.936;27.0;20.208600000000004
TEC-PH-10002447;1936.306;10.0;473.777
OFF-ST-10000604;980.232;30.0;198.13199999999998
OFF-PA-10001569;120.528;19.0;56.505599999999994
FUR-CH-10003968;1341.522;22.0;-32.65079999999999
OFF-PA-10000587;106.288;15.0;49.504000000000005
OFF-BI-10001460;269.67;23.0;84.99149999999999
OFF-AR-10001868;38.976000000000006;24.0;18.816
TEC-AC-10004633;184.53600000000003;30.0;67.10400000000001
OFF-BI-10001078;175.388;37.0;73.8674
OFF-PA-10003892;743.432;16.0;328.6752
FUR-FU-10000397;338.98;17.0;94.91439999999999
FUR-CH-10001146;2442.0240000000003;51.0;117.4863
OFF-AR-10002671;1113.024;8.0;111.3024
TEC-PH-10002726;1112.788;26.0;430.418
OFF-PA-10000482;1016.7919999999999;28.0;453.76240000000007
OFF-BI-10004654;214.57300000000004;36.0;47.873000000000005
OFF-PA-10004675;99.06;17.0;40.767
FUR-CH-10000513;4770.633;42.0;-197.5848
FUR-FU-10003708;1322.1699999999998;24.0;172.246
OFF-ST-10004123;2511.0480000000002;30.0;-218.352
OFF-BI-10004182;29.952;19.0;9.7968
FUR-FU-10000260;124.586;19.0;26.211599999999997
OFF-ST-10000615;347.31;32.0;85.806
FUR-FU-10003194;108.08;15.0;6.755000000000001
OFF-AP-10002118;2706.08;14.0;578.6848000000001
OFF-BI-10002309;110.48399999999998;28.0;29.239200000000004
OFF-AR-10002053;81.652;29.0;19.4296
OFF-ST-10002370;483.414;24.0;118.92840000000001
OFF-EN-10000927;552.706;19.0;177.65550000000002
OFF-ST-10003656;1363.058;16.0;-126.70680000000002
FUR-CH-10000863;2913.9139999999998;25.0;-445.39099999999996
TEC-AC-10001998;207.89600000000002;11.0;62.76859999999999
OFF-LA-10000134;56.672;20.0;24.64
OFF-ST-10003442;899.3040000000001;34.0;197.39440000000002
OFF-AR-10004930;37.52;6.0;10.586
OFF-PA-10000304;121.824;22.0;47.69279999999999
OFF-PA-10003177;98.49600000000001;17.0;41.212799999999994
FUR-FU-10003799;316.48400000000004;20.0;71.11999999999999
OFF-BI-10002852;390.5760000000001;34.0;104.81280000000001
OFF-BI-10004738;142.05;13.0;18.940000000000005
FUR-FU-10000629;455.06999999999994;34.0;183.1312
OFF-BI-10001721;346.356;21.0;112.8864
OFF-AP-10000358;436.12800000000004;41.0;58.28020000000001
OFF-PA-10003256;103.85999999999999;11.0;37.8512
TEC-AC-10001767;927.768;25.0;37.9905
OFF-BI-10002609;31.588;24.0;-7.032800000000001
OFF-PA-10004040;129.168;24.0;55.97279999999999
TEC-AC-10001552;1154.6640000000002;25.0;47.281499999999994
FUR-FU-10004006;673.87;17.0;72.07849999999999
OFF-BI-10002794;545.034;22.0;85.2384
TEC-AC-10003499;194.54399999999998;20.0;53.268
TEC-PH-10002844;188.946;8.0;-18.1948
OFF-AR-10000390;83.426;21.0;36.5918
TEC-AC-10000844;2362.722;31.0;676.5204
FUR-FU-10001934;251.76000000000002;12.0;65.4576
OFF-AR-10000380;1617.9480000000003;44.0;448.164
OFF-BI-10003981;116.224;34.0;37.500400000000006
OFF-FA-10000621;139.62;44.0;59.2848
OFF-EN-10002600;93.22;35.0;39.53
OFF-PA-10004965;55.944;7.0;17.4825
OFF-EN-10002504;570.7800000000001;24.0;225.05040000000002
FUR-TA-10001768;3963.901;22.0;-598.5228
OFF-BI-10003650;6785.142;23.0;494.4212000000001
FUR-FU-10002157;156.8;10.0;61.152
OFF-ST-10000777;611.712;17.0;149.5296
OFF-EN-10002500;375.73199999999997;30.0;164.86200000000002
TEC-PH-10003875;126.36;13.0;36.644400000000005
FUR-CH-10004063;8665.194;35.0;1558.5909999999997
FUR-TA-10004534;3253.2200000000003;20.0;-164.72000000000003
OFF-BI-10003274;89.55;36.0;13.611600000000001
OFF-ST-10002974;1193.818;30.0;278.848
FUR-FU-10003773;1304.128;20.0;-111.328
TEC-PH-10002293;339.83;22.0;23.18840000000001
OFF-PA-10002377;1004.652;52.0;415.28400000000005
OFF-FA-10002780;92.976;37.0;33.4356
OFF-PA-10001804;164.32799999999997;27.0;70.5408
OFF-PA-10001736;623.7439999999999;18.0;285.64639999999997
OFF-AR-10001149;80.952;30.0;23.778000000000002
OFF-FA-10002988;58.69199999999999;33.0;24.863699999999998
OFF-BI-10004781;212.658;14.0;-18.4092
OFF-SU-10001218;307.44;28.0;86.08319999999999
OFF-AR-10000940;65.268;24.0;13.759199999999998
OFF-EN-10004030;58.644000000000005;18.0;24.1092
OFF-PA-10004327;603.54;13.0;279.736
OFF-AP-10001058;4476.96;17.0;956.9502
FUR-FU-10000521;357.94800000000004;13.0;94.76820000000001
TEC-PH-10000215;908.7;27.0;219.8355
TEC-PH-10001448;599.88;13.0;-23.99520000000006
OFF-BI-10002735;1073.903;39.0;364.71529999999996
OFF-AP-10000326;157.92;5.0;17.766
TEC-PH-10001254;1727.064;17.0;129.5298
OFF-PA-10001950;200.16;26.0;80.898
OFF-PA-10002254;881.0919999999999;37.0;354.0196
OFF-ST-10001590;517.6320000000001;40.0;118.62400000000001
OFF-AR-10001547;61.43800000000001;30.0;13.039
OFF-LA-10002475;121.346;18.0;51.6086
TEC-PH-10004536;1538.886;12.0;323.976
OFF-PA-10002751;89.7;15.0;40.365
TEC-AC-10003657;367.092;13.0;22.43339999999998
OFF-EN-10001990;130.64;23.0;61.400800000000004
OFF-BI-10004002;174.73000000000002;18.0;12.802000000000005
OFF-AR-10004441;86.11200000000001;23.0;30.8844
TEC-MA-10000822;16829.901;18.0;-4589.973000000001
OFF-ST-10000991;3035.2080000000005;27.0;24.143700000000003
FUR-CH-10004287;11572.78;53.0;1179.3739999999993
OFF-AR-10002656;149.63199999999998;24.0;48.6304
OFF-AP-10002518;2883.276;21.0;229.59419999999994
TEC-PH-10003931;779.87;17.0;14.99750000000002
OFF-PA-10000659;501.39199999999994;39.0;221.8404
OFF-PA-10001144;865.488;17.0;375.0448
FUR-CH-10003817;2204.8619999999996;43.0;245.997
OFF-AP-10000891;2491.2799999999997;21.0;563.8159999999999
OFF-LA-10003148;95.75999999999999;16.0;41.328
OFF-AP-10002684;3039.4999999999995;31.0;401.2139999999999
FUR-CH-10004698;1830.1480000000001;30.0;80.98000000000012
OFF-SU-10002189;43.67;12.0;-3.493600000000001
OFF-AR-10001940;45.919999999999995;15.0;17.875999999999998
OFF-ST-10003455;338.118;24.0;62.660399999999996
TEC-AC-10004659;1926.9360000000001;32.0;408.744
TEC-PH-10003273;1738.662;15.0;340.173
TEC-PH-10004896;515.828;20.0;83.972
TEC-AC-10002345;275.5;20.0;58.0
OFF-BI-10001890;78.044;34.0;14.749600000000001
TEC-AC-10002323;884.0000000000001;44.0;38.01200000000001
OFF-ST-10001328;459.096;31.0;112.91279999999999
FUR-BO-10002613;5184.081;27.0;-126.44100000000005
TEC-PH-10001552;542.984;52.0;95.20160000000001
OFF-PA-10000061;150.336;24.0;69.4656
OFF-AR-10003514;171.14;44.0;53.80959999999999
OFF-AR-10004685;88.896;20.0;26.854000000000003
OFF-AR-10004027;17.64;8.0;5.7456
OFF-ST-10001414;46.26;3.0;12.0276
OFF-BI-10000343;102.619;44.0;-11.882200000000001
OFF-PA-10002749;72.25200000000001;12.0;31.3092
OFF-PA-10002666;166.704;20.0;67.044
FUR-TA-10004289;1706.25;15.0;-1148.4375
OFF-AP-10003622;87.75;29.0;20.8325
OFF-AP-10003217;1524.5320000000002;12.0;53.0272
FUR-FU-10002960;135.648;25.0;44.588
TEC-PH-10001918;1000.7280000000001;9.0;100.07279999999999
OFF-ST-10000642;402.816;22.0;-26.434800000000017
TEC-PH-10001700;1135.028;22.0;75.22860000000001
OFF-FA-10000134;139.44;24.0;43.2264
OFF-ST-10001522;2299.75;28.0;-172.94120000000004
TEC-AC-10001266;299.0;26.0;113.10000000000001
OFF-LA-10004544;372.96;28.0;165.76
FUR-BO-10004695;4886.46;31.0;566.4673999999999
TEC-MA-10000864;4268.0;16.0;466.4
TEC-AC-10000109;1489.334;29.0;255.31440000000006
TEC-PH-10002563;1990.642;18.0;312.4552
OFF-FA-10000585;92.136;30.0;35.598000000000006
OFF-PA-10004000;50.138000000000005;13.0;18.778100000000002
FUR-FU-10000087;308.99199999999996;16.0;94.5152
TEC-MA-10001148;5204.241;22.0;-882.1188000000001
OFF-AR-10001958;275.076;19.0;42.7896
OFF-AR-10001026;30.799999999999997;14.0;13.552
FUR-TA-10003748;4332.2519999999995;40.0;448.16400000000004
OFF-ST-10002485;443.99600000000004;22.0;-34.72840000000001
FUR-CH-10004860;1746.9540000000002;21.0;-246.39120000000008
FUR-CH-10004477;2185.9510000000005;44.0;283.74739999999997
OFF-BI-10001679;71.928;19.0;-12.431999999999999
FUR-TA-10001705;3401.6000000000004;19.0;210.474
FUR-TA-10003473;12995.291500000001;46.0;-327.2331
FUR-FU-10004017;1264.582;21.0;222.875
TEC-AC-10003832;11203.756000000003;75.0;1987.9252999999997
OFF-PA-10002479;139.392;30.0;52.272000000000006
OFF-PA-10003349;95.904;17.0;39.7224
FUR-FU-10000576;3861.056;23.0;289.5791999999999
FUR-FU-10004351;202.592;24.0;71.68639999999999
TEC-PH-10000011;571.7139999999999;34.0;218.2908
FUR-TA-10002607;2140.878;44.0;-479.2164
FUR-FU-10002505;36.396;18.0;-4.852800000000001
OFF-ST-10002276;683.552;9.0;120.87200000000001
OFF-PA-10004082;223.44;28.0;111.72
OFF-AP-10002945;11304.439999999999;40.0;3247.0199999999995
FUR-CH-10002965;5989.204000000001;39.0;267.3034000000001
OFF-PA-10004569;109.584;15.0;49.0845
OFF-ST-10001228;462.32800000000003;36.0;90.03760000000001
OFF-EN-10003296;1266.72;14.0;570.024
OFF-ST-10004804;1400.2559999999999;31.0;-179.6652
TEC-PH-10001580;1916.716;17.0;241.61419999999998
TEC-AC-10000290;96.418;15.0;29.197
OFF-ST-10002790;827.12;13.0;-104.12849999999997
OFF-BI-10003460;137.532;36.0;55.5384
OFF-AP-10002203;1.624;2.0;-4.466
TEC-MA-10003353;2519.958;7.0;-251.9958
TEC-PH-10001433;882.1020000000001;11.0;58.4649
TEC-AC-10004469;1574.03;42.0;634.406
OFF-AR-10003602;80.592;15.0;34.164
OFF-FA-10003472;25.703999999999997;21.0;0.3024
OFF-ST-10004180;483.70399999999995;11.0;-7.44160000000001
OFF-EN-10004386;259.092;12.0;115.152
OFF-ST-10003208;7730.196;45.0;1932.5489999999995
TEC-AC-10003628;1409.5300000000002;52.0;536.2212000000001
FUR-FU-10003274;35.904;21.0;15.2064
OFF-BI-10002557;92.82000000000001;30.0;24.569999999999997
OFF-PA-10002615;106.72200000000001;25.0;47.187
OFF-AR-10001427;59.800000000000004;11.0;11.1228
OFF-PA-10000673;62.608000000000004;9.0;28.537599999999998
OFF-PA-10004470;40.896;8.0;16.3584
OFF-ST-10000876;345.832;30.0;77.128
OFF-LA-10002043;159.39;16.0;73.27799999999999
OFF-BI-10004967;29.952;28.0;-0.9152000000000013
TEC-PH-10001760;2865.6;18.0;967.1400000000001
FUR-TA-10002903;4544.924999999999;24.0;-192.18540000000002
OFF-PA-10000474;1105.7279999999998;34.0;467.09919999999994
TEC-AC-10001956;359.70000000000005;7.0;91.124
OFF-PA-10004100;238.464;42.0;96.94080000000001
OFF-BI-10000778;496.0179999999999;15.0;-411.332
OFF-SU-10000646;2836.366;14.0;-427.8586
OFF-FA-10002983;46.376000000000005;15.0;19.778
OFF-LA-10004689;84.388;32.0;35.373599999999996
TEC-AC-10002001;2879.8199999999997;21.0;763.1523
FUR-BO-10004709;1426.8878;32.0;-20.293000000000006
FUR-FU-10004091;1117.4279999999999;39.0;322.9506
FUR-CH-10001891;1420.5040000000001;17.0;229.3922
FUR-FU-10002918;1200.9360000000001;18.0;-256.5636
OFF-BI-10004593;1100.4;34.0;138.33599999999998
OFF-FA-10004854;296.184;29.0;119.7364
OFF-PA-10002105;58.31999999999999;9.0;27.9936
OFF-ST-10002756;4384.044;33.0;-36.53369999999964
OFF-PA-10004243;417.34;22.0;200.32319999999999
FUR-FU-10001861;434.56;24.0;197.104
OFF-BI-10002706;191.352;21.0;29.416800000000002
FUR-TA-10002533;2241.8675;26.0;-795.9725000000001
FUR-FU-10002671;168.84;13.0;78.256
OFF-AR-10003651;62.32000000000001;20.0;15.744
OFF-BI-10001072;136.44;15.0;13.644000000000005
OFF-AR-10002135;1166.4399999999998;25.0;310.89
OFF-AR-10002804;37.164;8.0;14.083200000000001
FUR-FU-10001918;137.17;31.0;47.7257
FUR-CH-10004086;8430.997000000001;34.0;1388.6347999999998
FUR-FU-10001756;262.75199999999995;20.0;-7.616000000000017
OFF-LA-10000634;32.364000000000004;13.0;14.041799999999999
FUR-FU-10001588;437.70000000000005;18.0;138.3132
TEC-PH-10002398;1070.3039999999999;12.0;133.78799999999978
OFF-PA-10001937;124.416;24.0;43.5456
OFF-AR-10003373;873.6359999999999;32.0;149.94320000000002
FUR-CH-10002602;4619.988;37.0;486.1556
TEC-MA-10002927;3991.98;2.0;1995.99
TEC-AC-10000892;1890.0;22.0;622.8
OFF-FA-10000624;128.164;38.0;60.14399999999999
TEC-AC-10001908;2799.72;32.0;719.928
FUR-FU-10001967;143.928;10.0;-5.997000000000003
TEC-PH-10003645;3684.708;26.0;575.3316
OFF-ST-10000675;1125.148;34.0;260.953
FUR-CH-10003312;5282.424;24.0;-989.0496
OFF-LA-10001074;421.008;39.0;162.01290000000003
OFF-BI-10001524;780.4559999999998;67.0;49.51280000000003
TEC-PH-10004614;1614.6;28.0;165.6
OFF-BI-10001153;141.614;8.0;3.453999999999997
OFF-BI-10001982;41.344;22.0;-19.6928
OFF-BI-10001922;153.25199999999998;33.0;49.3614
TEC-CO-10001449;18839.686;38.0;6983.8836
OFF-BI-10004140;75.432;36.0;-13.469999999999999
OFF-BI-10003314;80.494;23.0;23.955399999999997
FUR-TA-10004575;5965.09;26.0;-238.60360000000009
OFF-FA-10000490;15.623999999999999;13.0;7.0804
OFF-AR-10000122;118.29599999999999;24.0;17.856
TEC-PH-10000702;197.802;27.0;54.84509999999999
OFF-AR-10001374;123.11999999999999;21.0;30.5856
OFF-PA-10001970;2167.3479999999995;70.0;1006.4352
OFF-BI-10002160;41.910000000000004;17.0;8.2296
OFF-BI-10004995;17965.068;27.0;-1878.1662000000003
FUR-BO-10002268;754.7336;16.0;-294.7672
OFF-EN-10001137;41.3;11.0;16.7678
OFF-AR-10002399;110.75999999999999;27.0;42.8982
OFF-PA-10002713;227.04;33.0;104.4384
OFF-AP-10001124;647.84;8.0;168.4384
OFF-LA-10001158;277.38;28.0;126.68400000000001
FUR-CH-10000785;6008.536;39.0;785.4532
OFF-AR-10003732;86.736;33.0;18.848399999999998
FUR-FU-10000023;236.77799999999996;45.0;88.35000000000001
OFF-BI-10002412;100.92;22.0;30.740000000000002
OFF-SU-10001225;80.224;24.0;-6.3296
OFF-ST-10002406;353.29200000000003;24.0;94.6104
OFF-PA-10002036;138.67200000000003;24.0;59.3568
OFF-ST-10002205;262.668;13.0;51.42059999999999
TEC-AC-10003911;2623.8360000000002;18.0;723.1547999999999
OFF-AR-10000658;263.34000000000003;23.0;72.072
TEC-AC-10002076;1497.0;29.0;20.957999999999995
OFF-PA-10003039;879.8320000000001;32.0;334.58399999999995
FUR-TA-10004915;5801.815999999999;23.0;-66.82720000000002
OFF-AP-10000696;357.616;30.0;67.774
OFF-ST-10003327;113.202;13.0;21.548099999999998
OFF-BI-10000309;269.39399999999995;35.0;-2.283000000000005
OFF-PA-10004734;72.8;10.0;36.4
OFF-BI-10002225;334.36800000000005;22.0;98.2464
TEC-AC-10004708;251.4;12.0;52.794
FUR-TA-10000617;4334.8275;22.0;430.0695
TEC-AC-10002335;503.856;16.0;50.38559999999998
TEC-MA-10001681;723.51;6.0;-506.457
FUR-FU-10001935;108.04;33.0;36.001
OFF-AR-10004757;120.70400000000001;40.0;32.800000000000004
OFF-BI-10000050;197.82999999999998;42.0;35.332
TEC-PH-10003012;4434.912;32.0;936.2591999999999
TEC-CO-10002313;5999.9;11.0;1973.9671000000003
OFF-BI-10003982;583.637;48.0;55.2482
OFF-BI-10004492;669.496;26.0;234.32360000000003
OFF-ST-10000798;344.724;16.0;20.983199999999982
OFF-PA-10002552;32.400000000000006;5.0;15.552
OFF-SU-10002573;448.76800000000003;26.0;129.722
OFF-ST-10001580;179.76;13.0;39.5472
OFF-ST-10000934;598.308;16.0;-57.372
TEC-AC-10000158;899.7500000000001;27.0;132.0833
OFF-PA-10001947;57.408;10.0;26.909999999999997
OFF-AR-10003478;219.78;31.0;68.376
OFF-AP-10004249;234.61200000000002;22.0;42.37380000000001
TEC-CO-10004115;6399.872;17.0;2064.9587
OFF-PA-10003724;184.62;35.0;87.69449999999999
FUR-TA-10002041;2671.421;20.0;-519.941
OFF-PA-10002893;125.84;13.0;60.4032
OFF-LA-10003766;110.25;35.0;52.92
FUR-BO-10001972;2740.197;37.0;-975.0988
FUR-CH-10003956;922.74;16.0;-133.44240000000008
OFF-PA-10000157;767.232;39.0;354.2454
OFF-AR-10004344;330.924;31.0;59.5903
FUR-CH-10004886;1775.075;24.0;117.059
OFF-PA-10003845;92.48;16.0;45.315200000000004
OFF-AR-10001573;48.93;21.0;14.189699999999998
OFF-EN-10000483;320.25;22.0;139.08
TEC-AC-10004114;360.712;10.0;127.06899999999999
FUR-FU-10004712;84.84;6.0;22.0584
OFF-ST-10000918;176.57999999999998;18.0;31.392
FUR-CH-10000015;6584.639999999999;36.0;814.4160000000002
FUR-FU-10003347;298.2;21.0;116.29800000000002
OFF-BI-10001543;842.1660000000002;30.0;280.7220000000001
TEC-MA-10000029;279.96;4.0;120.3828
OFF-AR-10000369;13.622;11.0;2.3074
OFF-BI-10004584;3222.996;22.0;-461.33080000000007
OFF-ST-10000617;69.136;24.0;2.622399999999997
OFF-ST-10003306;4600.092;33.0;1252.8822000000002
OFF-BI-10000773;66.566;25.0;-39.699000000000005
TEC-AC-10002600;495.6;9.0;16.107
TEC-MA-10002937;1007.979;3.0;43.1991
OFF-PA-10002230;67.72800000000001;16.0;27.0912
FUR-CH-10003396;1770.54;29.0;-216.31380000000004
FUR-FU-10000246;244.39999999999998;22.0;56.21199999999999
OFF-ST-10000060;2612.196;43.0;153.35280000000003
OFF-ST-10003058;709.5;30.0;205.75499999999997
OFF-PA-10002222;593.84;27.0;260.8328
FUR-CH-10002372;1311.8760000000002;19.0;-42.109599999999965
OFF-LA-10001317;46.620000000000005;15.0;22.050000000000004
FUR-FU-10000206;45.396;20.0;14.55
OFF-AR-10000588;476.15999999999997;26.0;94.4384
OFF-ST-10001469;1187.56;24.0;-30.228800000000035
OFF-AR-10001953;1073.112;27.0;206.2662
OFF-AR-10003156;138.176;14.0;32.9184
OFF-AR-10004974;9.84;3.0;2.8536
TEC-PH-10002365;64.972;8.0;12.9944
OFF-ST-10000142;5572.792;14.0;1380.7215999999999
TEC-AC-10001772;718.65;45.0;280.2735
FUR-CH-10000225;1757.266;25.0;-166.00900000000024
FUR-CH-10002331;7582.374;24.0;832.9931999999997
OFF-EN-10001415;54.684;11.0;23.994
OFF-AP-10002472;259.8;10.0;90.93
TEC-AC-10004571;2339.766;25.0;889.9110000000001
OFF-BI-10001098;235.18;31.0;-102.83780000000002
FUR-TA-10001889;9544.725;33.0;-1934.3975999999998
OFF-BI-10000315;451.96200000000005;35.0;106.34400000000002
OFF-SU-10003505;2641.6079999999997;24.0;-7.105427357601002e-15
OFF-AP-10002578;929.48;21.0;169.2632
FUR-BO-10002824;748.8607999999999;6.0;24.156800000000004
OFF-BI-10002194;38.304;12.0;-12.4488
OFF-PA-10004071;1098.5040000000001;21.0;492.66240000000005
OFF-ST-10002743;4704.696000000001;46.0;-470.46960000000007
FUR-BO-10001601;935.1972;10.0;-125.74080000000001
TEC-PH-10002680;2155.902;13.0;153.9929999999999
OFF-ST-10001321;518.112;35.0;124.13100000000001
OFF-PA-10001509;268.5;30.0;123.51000000000002
OFF-PA-10003465;201.082;11.0;92.57360000000001
TEC-PH-10000149;426.93;26.0;43.092
OFF-AR-10003045;90.55199999999999;32.0;38.80800000000001
OFF-ST-10000689;4479.03;33.0;388.746
TEC-AC-10001445;42.42;14.0;8.9082
TEC-AC-10002567;1999.75;29.0;515.1356000000001
OFF-LA-10003923;518.0;37.0;244.2
FUR-BO-10001337;2970.059;28.0;-78.637
TEC-PH-10001924;699.8999999999999;13.0;17.497500000000002
TEC-PH-10001363;4901.914;11.0;512.991
TEC-PH-10000376;173.826;22.0;11.188799999999999
TEC-AC-10000303;239.94;7.0;52.3869
OFF-ST-10001809;4509.466;55.0;-332.37100000000004
OFF-EN-10003845;50.922000000000004;16.0;19.040399999999998
TEC-AC-10000991;582.6759999999999;13.0;57.3278
FUR-TA-10001857;828.0964999999999;11.0;-216.2545
OFF-EN-10001434;632.52;12.0;309.9348
OFF-BI-10002498;377.538;29.0;90.27269999999999
FUR-FU-10004864;1834.8119999999997;46.0;436.4379
FUR-FU-10000073;124.74;17.0;37.037
OFF-BI-10001670;901.0300000000001;40.0;147.02999999999997
OFF-BI-10001658;466.00399999999996;34.0;8.472800000000007
FUR-CH-10001215;12975.382;32.0;951.862
OFF-BI-10000831;10.824000000000002;9.0;-2.0064
OFF-PA-10000357;2141.634;48.0;947.5260000000001
OFF-AR-10001662;75.624;30.0;15.618000000000002
OFF-AR-10003856;45.592;18.0;8.5624
OFF-BI-10003527;27453.384;31.0;7753.039
FUR-FU-10001290;867.2599999999999;21.0;266.072
TEC-AC-10002399;361.38;20.0;102.708
OFF-AR-10003811;39.78;18.0;10.7406
OFF-AR-10001246;79.96799999999999;32.0;13.1712
TEC-CO-10003236;3959.9339999999997;7.0;1691.9718
OFF-ST-10004507;428.74999999999994;27.0;90.72349999999997
OFF-PA-10001667;169.832;32.0;64.584
OFF-ST-10004459;9158.296;28.0;-825.7479999999999
OFF-ST-10000736;3028.6520000000005;39.0;-3.2392000000000394
OFF-BI-10000285;72.912;22.0;-13.328
TEC-PH-10003555;832.238;41.0;-91.50019999999998
OFF-FA-10002815;50.616;13.0;20.0244
FUR-CH-10003379;7979.4400000000005;33.0;926.185
OFF-ST-10004963;348.21999999999997;24.0;-0.6056000000000212
OFF-SU-10002881;16656.199999999997;22.0;-1299.1835999999996
OFF-EN-10001335;336.952;34.0;150.97199999999998
FUR-CH-10000595;5697.759999999999;27.0;870.1600000000001
FUR-FU-10000448;175.78;11.0;8.789
TEC-PH-10000984;4978.146;27.0;1168.1004
OFF-ST-10001325;345.84000000000003;35.0;78.076
OFF-BI-10002429;526.612;46.0;-201.51279999999997
OFF-BI-10004528;40.32000000000001;15.0;12.6
OFF-AP-10001271;948.228;19.0;241.1354
FUR-CH-10002647;3641.2740000000003;64.0;234.23400000000004
TEC-AC-10001432;1641.15;21.0;722.106
TEC-PH-10002262;904.5519999999999;18.0;133.3024
TEC-AC-10001465;1184.0320000000002;34.0;319.616
TEC-PH-10002597;604.752;5.0;132.2895
FUR-FU-10000723;1115.64;33.0;-125.1996
OFF-BI-10000404;115.24;16.0;42.312
OFF-PA-10002986;280.55999999999995;46.0;120.7744
OFF-SU-10001935;29.648;16.0;-3.8368000000000033
FUR-CH-10002024;21870.576;39.0;5.684341886080802e-14
FUR-FU-10003039;500.308;14.0;101.7868
OFF-FA-10004248;64.042;16.0;20.0244
OFF-ST-10001780;7515.523999999999;13.0;1114.3708
OFF-AR-10003560;100.92800000000001;20.0;20.671999999999997
OFF-LA-10001297;248.4;24.0;119.232
FUR-TA-10004256;5634.9;17.0;-964.194
OFF-PA-10003441;334.368;53.0;155.77919999999997
OFF-BI-10000069;433.789;38.0;125.7838
OFF-AP-10003914;13.0;5.0;1.3
FUR-FU-10004020;87.52;20.0;25.162
OFF-FA-10003467;29.7;15.0;0.0
TEC-PH-10002496;4180.532;30.0;904.742
OFF-PA-10004530;321.44;28.0;157.50560000000002
OFF-BI-10001107;269.328;31.0;31.421599999999998
OFF-PA-10004451;134.784;22.0;60.6528
FUR-CH-10004997;6748.482000000001;43.0;281.96999999999997
TEC-PH-10000347;65.34;17.0;3.9105000000000003
OFF-AR-10003394;67.032;24.0;15.523200000000001
OFF-PA-10001450;19.92;4.0;9.7608
OFF-SU-10001574;76.64999999999999;22.0;20.440000000000005
FUR-FU-10001475;334.096;21.0;29.453200000000002
OFF-SU-10004498;236.99200000000002;20.0;-12.879999999999999
TEC-PH-10000586;475.128;8.0;89.74640000000001
OFF-BI-10002764;69.768;34.0;13.759799999999998
OFF-LA-10003930;3322.8780000000006;36.0;1517.9064
TEC-PH-10003800;413.322;9.0;-58.8189
OFF-PA-10002005;196.992;33.0;85.79519999999998
OFF-PA-10004101;169.776;27.0;78.79679999999999
OFF-AR-10004078;234.768;49.0;34.455999999999996
OFF-AP-10004708;867.7680000000001;30.0;57.089999999999996
FUR-FU-10001979;1114.384;28.0;288.4288
OFF-SU-10004115;81.424;13.0;12.431700000000001
TEC-PH-10001425;1583.8020000000001;24.0;201.57479999999998
TEC-PH-10003963;1771.5140000000001;11.0;94.75540000000001
OFF-ST-10001490;8138.232;49.0;2016.7110000000002
OFF-PA-10002120;516.624;10.0;236.32799999999997
OFF-BI-10000848;39.384;14.0;-1.9691999999999992
TEC-PH-10003092;607.068;19.0;-13.337100000000005
OFF-LA-10004345;55.974;13.0;23.420699999999997
OFF-PA-10001204;46.464000000000006;10.0;17.424
TEC-PH-10004667;2645.804;26.0;83.6938
OFF-BI-10002949;85.728;21.0;18.0576
FUR-FU-10003849;161.92000000000002;11.0;26.1096
FUR-FU-10000010;175.938;36.0;52.4832
OFF-BI-10002824;308.844;35.0;21.634
TEC-PH-10002538;803.692;24.0;157.70559999999998
OFF-BI-10002103;179.01399999999998;37.0;5.3877999999999995
FUR-CH-10004853;2959.208;23.0;493.7045999999998
OFF-AP-10000179;1320.1660000000002;12.0;417.0244
OFF-ST-10001272;1465.744;12.0;287.914
FUR-FU-10000221;176.78400000000002;38.0;49.3776
OFF-AP-10001563;952.168;26.0;55.38119999999989
OFF-BI-10000605;91.44;28.0;34.8996
OFF-ST-10001963;1764.534;18.0;-6.084600000000004
TEC-AC-10001267;467.22;18.0;143.76
TEC-PH-10002103;3158.0639999999994;37.0;654.1704
TEC-AC-10002857;83.44;14.0;11.473
FUR-CH-10001482;2200.464;20.0;-130.98000000000002
OFF-BI-10001989;753.1820000000001;43.0;284.0692
OFF-AP-10003287;937.8480000000001;22.0;130.48319999999998
OFF-BI-10004728;212.08;59.0;58.5148
FUR-FU-10000732;133.136;22.0;39.18719999999999
OFF-ST-10000585;3138.8;20.0;693.8399999999999
OFF-LA-10002787;89.25;24.0;42.45
OFF-PA-10001934;147.744;24.0;68.4288
OFF-AP-10002457;1674.3999999999999;20.0;146.51000000000002
OFF-FA-10003112;146.754;22.0;51.285000000000004
OFF-AP-10002350;516.2159999999999;29.0;122.8368
TEC-AC-10001142;1722.2;24.0;15.799999999999905
TEC-AC-10001101;190.77200000000002;16.0;5.155999999999999
OFF-AP-10002439;823.2520000000001;16.0;-17.032800000000037
OFF-BI-10002827;82.95;33.0;-15.5946
OFF-EN-10002230;1359.6660000000002;19.0;514.4909
OFF-ST-10001511;1952.43;33.0;-74.34750000000005
OFF-SU-10004231;196.02;22.0;37.026
TEC-PH-10004042;1685.294;12.0;273.4628
FUR-FU-10003096;83.49;12.0;31.5744
FUR-FU-10002759;551.448;36.0;91.1088
FUR-TA-10000688;3354.8900000000003;18.0;100.21100000000001
OFF-AR-10001954;75.306;17.0;14.6211
OFF-AP-10004532;409.6;20.0;110.59199999999998
OFF-PA-10002137;262.964;35.0;113.19900000000001
OFF-AP-10000804;61.824;18.0;1.3439999999999994
TEC-AC-10003614;150.67000000000002;14.0;41.955799999999996
FUR-FU-10003553;949.026;17.0;247.57199999999997
OFF-BI-10004632;5535.593;45.0;-246.06750000000005
OFF-BI-10003305;105.846;26.0;21.8868
OFF-ST-10002583;480.70399999999995;16.0;-18.1888
TEC-MA-10004125;7999.98;4.0;-3839.9904
OFF-LA-10001934;109.65;15.0;51.5355
FUR-BO-10004015;3317.7235;34.0;135.58869999999973
FUR-FU-10004071;1268.922;13.0;106.09020000000001
OFF-ST-10002444;235.776;20.0;58.944
TEC-AC-10002253;2659.84;16.0;398.976
OFF-PA-10000743;130.928;20.0;61.455999999999996
OFF-LA-10002312;177.60000000000002;13.0;81.4
OFF-LA-10003510;1233.4120000000003;43.0;524.5054000000001
OFF-AR-10001118;16.176000000000002;5.0;6.739999999999999
OFF-BI-10001575;207.56599999999997;18.0;-82.4068
FUR-FU-10003394;1469.1599999999999;26.0;-40.576800000000034
FUR-TA-10002774;2096.168;18.0;-206.5342000000001
OFF-PA-10001800;145.152;25.0;60.912
OFF-AP-10001469;759.122;20.0;166.84
FUR-BO-10003272;3420.7704000000003;21.0;-755.7516
OFF-EN-10001219;146.688;21.0;64.8636
OFF-AP-10001154;515.79;11.0;201.1581
TEC-AC-10001606;1799.8200000000002;21.0;497.9502
OFF-BI-10003355;87.648;25.0;22.908
FUR-FU-10002253;1047.7359999999999;27.0;340.5142
OFF-PA-10004092;342.58;7.0;171.29
FUR-TA-10000198;9917.64;27.0;-2876.1156
OFF-ST-10000036;1857.2520000000002;20.0;414.918
FUR-FU-10000222;441.728;19.0;28.257600000000004
OFF-SU-10004664;166.056;23.0;33.1298
OFF-EN-10001141;125.172;13.0;52.3746
TEC-PH-10002170;1119.84;19.0;162.3768
OFF-PA-10001954;721.7439999999999;33.0;314.73519999999996
FUR-TA-10002228;2033.496;9.0;-456.7032
OFF-ST-10004634;145.73000000000002;14.0;35.872
TEC-AC-10003610;1139.81;20.0;515.914
FUR-BO-10001619;424.90000000000003;6.0;27.19359999999998
OFF-BI-10000138;91.72799999999998;31.0;16.2864
TEC-AC-10001383;364.854;15.0;53.72849999999998
OFF-LA-10003223;87.398;19.0;39.820100000000004
OFF-BI-10004094;55.755;13.0;-2.9204999999999997
OFF-PA-10004971;92.48;18.0;39.4196
OFF-SU-10004261;217.224;14.0;45.85839999999997
TEC-PH-10000004;83.944;7.0;6.295799999999999
OFF-BI-10003638;369.585;34.0;14.319000000000004
FUR-FU-10003577;246.64800000000002;18.0;81.4512
OFF-BI-10000546;87.264;50.0;13.824000000000003
TEC-CO-10002095;8899.822;21.0;3124.9375
FUR-TA-10001095;8209.059;61.0;-189.97610000000006
OFF-LA-10004484;137.116;37.0;54.5986
OFF-EN-10001532;244.512;15.0;117.16199999999999
TEC-AC-10003174;2242.0319999999997;23.0;754.53
OFF-BI-10004187;42.112;26.0;16.694399999999998
OFF-ST-10000025;3397.308;37.0;78.25259999999989
FUR-FU-10004306;2759.06;17.0;314.76599999999996
FUR-CH-10003746;5906.032;21.0;1052.8144
OFF-BI-10001036;209.306;40.0;26.506000000000007
OFF-BI-10000301;164.985;50.0;3.2349999999999994
OFF-AR-10004648;342.55;17.0;92.4885
FUR-FU-10002597;136.34400000000002;28.0;56.11840000000001
OFF-AR-10003405;95.94;19.0;17.0235
FUR-CH-10002335;6936.102;34.0;1233.0847999999999
OFF-PA-10003657;65.056;18.0;22.683999999999997
FUR-BO-10004409;858.858;17.0;-9.93719999999999
TEC-AC-10000057;557.8140000000001;19.0;107.66409999999999
OFF-EN-10000056;1555.75;28.0;632.2568
OFF-BI-10000014;176.74200000000002;29.0;9.055299999999997
FUR-CH-10004675;5212.112;27.0;972.6368
OFF-BI-10001132;62.946;23.0;-0.16140000000000043
FUR-CH-10003199;1842.268;20.0;155.372
TEC-PH-10001530;8111.136;34.0;275.3286
OFF-LA-10001569;176.292;40.0;68.724
OFF-PA-10000176;512.1899999999999;30.0;216.25799999999998
OFF-LA-10002271;48.04799999999999;16.0;22.422400000000003
FUR-FU-10004090;346.788;17.0;93.58829999999999
OFF-AP-10000576;2010.8519999999999;29.0;376.4874000000001
OFF-PA-10003953;49.248000000000005;8.0;22.2912
FUR-FU-10000794;155.38;17.0;52.8292
OFF-AR-10001897;402.97599999999994;24.0;92.1088
TEC-PH-10001795;6935.862;16.0;1056.3827
TEC-AC-10004901;549.89;13.0;120.9758
OFF-AR-10003190;47.232;17.0;11.9808
OFF-AP-10000240;770.1120000000001;16.0;162.57920000000001
TEC-AC-10001838;5119.744000000001;26.0;2155.8922
OFF-PA-10003651;165.664;26.0;75.35040000000001
OFF-BI-10003094;22.88;11.0;2.3584000000000005
FUR-CH-10001394;5861.533;21.0;701.9799999999998
OFF-BI-10004230;466.29;20.0;107.07400000000001
OFF-PA-10003395;1740.5100000000002;19.0;704.592
TEC-AC-10002402;2159.73;30.0;479.94000000000005
TEC-AC-10003441;355.95;22.0;5.4239999999999995
OFF-FA-10002280;225.0;47.0;102.8
OFF-SU-10000381;279.3;32.0;67.7768
OFF-EN-10004459;163.49599999999998;23.0;73.8788
FUR-CH-10000665;3955.676;32.0;573.7239999999998
OFF-AP-10003884;180.66;3.0;50.5848
TEC-PH-10001557;3590.026;43.0;576.8998999999999
TEC-PH-10002085;752.2860000000001;14.0;68.62960000000001
OFF-AR-10002956;444.6020000000001;23.0;69.9918
OFF-AP-10003266;151.062;12.0;47.984399999999994
TEC-MA-10004002;5787.355;14.0;509.712
OFF-BI-10001071;1573.9080000000001;31.0;562.3842
OFF-PA-10001560;80.93599999999999;15.0;32.918
OFF-AR-10002578;34.56;12.0;10.022400000000001
FUR-BO-10001519;1119.195;22.0;147.0942
OFF-BI-10001294;271.44;31.0;71.955
OFF-BI-10001636;208.221;41.0;21.580800000000004
OFF-SU-10002503;90.88;16.0;26.3552
OFF-LA-10004093;168.13;24.0;75.1468
FUR-FU-10003878;253.648;21.0;41.8672
TEC-AC-10000710;296.64;18.0;127.55519999999999
OFF-AR-10002335;44.891999999999996;19.0;8.617199999999999
OFF-PA-10001870;171.072;28.0;76.72319999999999
OFF-PA-10001019;543.456;32.0;204.59519999999998
OFF-SU-10002537;306.9;31.0;72.22379999999998
OFF-ST-10003221;53.4;5.0;14.418
OFF-AR-10003752;182.49;17.0;76.461
TEC-AC-10001714;789.822;23.0;211.81589999999997
OFF-AR-10003958;10.496;4.0;1.180799999999998
TEC-PH-10002923;739.8;25.0;64.73249999999999
OFF-LA-10004272;11.56;4.0;5.4332
FUR-FU-10000965;1184.232;24.0;448.76159999999993
OFF-LA-10004853;83.66399999999999;19.0;32.569199999999995
OFF-BI-10003719;276.945;22.0;-19.461000000000002
OFF-BI-10000545;19024.5;48.0;760.9799999999996
OFF-PA-10003591;151.536;15.0;65.43599999999999
OFF-PA-10001790;586.0880000000001;14.0;236.3568
TEC-AC-10002049;13756.535999999998;60.0;4425.343199999999
OFF-BI-10003712;131.09699999999998;45.0;18.412499999999994
OFF-BI-10003984;704.691;44.0;39.3714
FUR-FU-10001424;96.03;14.0;15.364800000000002
OFF-BI-10002071;102.256;34.0;-4.415600000000001
OFF-ST-10002486;300.14;45.0;-7.678000000000006
TEC-AC-10000927;491.836;17.0;32.989000000000004
OFF-PA-10001622;38.136;9.0;15.662999999999998
OFF-AR-10003158;90.744;26.0;22.447200000000002
TEC-PH-10002660;1876.524;29.0;397.7415
OFF-BI-10003364;667.993;32.0;182.6042
OFF-EN-10001099;160.39200000000002;18.0;65.3304
OFF-PA-10002250;138.53199999999998;26.0;59.16959999999999
OFF-BI-10004716;32.647999999999996;4.0;1.7807999999999993
OFF-LA-10001045;44.37;18.0;19.000799999999998
OFF-BI-10001510;504.23999999999995;33.0;88.242
OFF-PA-10002947;94.856;16.0;39.278400000000005
OFF-PA-10000019;209.95200000000003;36.0;88.6464
FUR-BO-10003441;1473.2982000000002;18.0;73.71539999999996
TEC-PH-10004774;189.654;16.0;-11.950800000000001
OFF-BI-10003684;532.1579999999999;44.0;48.378000000000036
TEC-PH-10001494;4619.23;17.0;896.8505000000001
TEC-AC-10004666;2755.4;10.0;1184.8220000000001
OFF-ST-10003816;3946.656;26.0;419.33219999999994
FUR-TA-10001520;2298.114;39.0;-12.132900000000266
OFF-ST-10001558;457.968;31.0;30.044
TEC-AC-10002473;1231.692;49.0;411.2262
TEC-PH-10004531;1041.81;24.0;153.3092
OFF-AP-10004487;2488.392;36.0;380.5775999999999
OFF-PA-10003543;25.92;5.0;9.072
TEC-AC-10004353;1108.8;21.0;275.31000000000006
OFF-AR-10001468;209.664;7.0;49.795199999999994
OFF-PA-10002195;168.46400000000003;33.0;71.0412
OFF-PA-10001745;108.416;17.0;44.985600000000005
OFF-BI-10004826;204.724;18.0;50.190400000000004
OFF-PA-10000289;111.45599999999999;18.0;50.803200000000004
OFF-AP-10003040;665.676;25.0;43.706
OFF-PA-10000350;51.36;6.0;24.139200000000002
OFF-BI-10001759;59.817;24.0;13.182600000000004
OFF-ST-10001496;6594.954;40.0;1261.33
OFF-BI-10002931;314.54999999999995;15.0;0.0
FUR-TA-10002356;2542.4669999999996;15.0;-445.587
FUR-FU-10003601;1623.2480000000003;26.0;-343.09560000000005
FUR-TA-10004154;4446.175;25.0;-1147.4
OFF-PA-10000788;95.904;18.0;35.2512
FUR-FU-10001940;219.696;38.0;50.307200000000016
OFF-BI-10004465;51.48;19.0;-23.759999999999998
OFF-PA-10002333;15.552;3.0;5.6376
FUR-FU-10004188;1329.8999999999999;13.0;345.774
OFF-BI-10000145;81.744;44.0;11.7312
OFF-LA-10001613;113.472;44.0;48.844800000000006
OFF-LA-10004055;14.73;3.0;7.2177
OFF-PA-10004621;141.264;25.0;57.024
OFF-PA-10001281;191.6;4.0;91.968
OFF-ST-10001097;3178.13;20.0;-167.27
FUR-FU-10001095;455.4560000000001;24.0;61.4336
OFF-BI-10002012;51.48;49.0;5.616
OFF-PA-10004156;213.192;20.0;97.524
OFF-AR-10000034;118.72;29.0;43.7144
TEC-PH-10000560;7139.796;28.0;83.99760000000003
OFF-EN-10000461;211.50799999999998;27.0;86.4386
TEC-MA-10003066;336.51;3.0;44.868
OFF-BI-10004022;38.642;29.0;-4.8928
OFF-AR-10001988;77.87;13.0;22.582299999999996
OFF-PA-10003625;328.388;11.0;140.959
OFF-BI-10003925;8070.192;27.0;2518.0551
OFF-EN-10003862;198.462;20.0;83.226
OFF-ST-10004258;224.66400000000002;19.0;55.3113
FUR-FU-10002885;84.832;19.0;28.052399999999995
TEC-AC-10003033;10822.359999999999;35.0;3085.0325
OFF-ST-10000046;4006.44;27.0;473.3415
OFF-BI-10002049;28.851;13.0;-5.4768
FUR-FU-10001602;546.192;17.0;17.44779999999997
OFF-ST-10003722;193.614;15.0;44.19449999999999
TEC-AC-10003198;2450.16;29.0;630.468
FUR-FU-10002191;62.82;11.0;22.8944
TEC-PH-10004188;384.846;18.0;-55.977599999999995
OFF-ST-10001526;5751.774;49.0;1388.6082
OFF-AR-10001166;60.64;8.0;23.6496
FUR-CH-10000309;6084.143999999999;17.0;697.1415
TEC-MA-10004212;1379.92;8.0;648.5624
OFF-EN-10003072;62.856;18.0;26.5392
OFF-BI-10000320;172.692;30.0;59.778000000000006
OFF-PA-10001166;222.43199999999996;28.0;81.8424
OFF-PA-10003656;538.1519999999999;21.0;239.0028
TEC-PH-10000148;119.508;11.0;-20.5242
TEC-PH-10003885;910.662;15.0;207.86849999999998
OFF-LA-10001175;47.808;17.0;22.8384
OFF-PA-10000955;37.932;7.0;13.2108
FUR-FU-10003975;563.03;13.0;56.30299999999999
OFF-BI-10003707;354.03200000000004;41.0;41.20199999999999
OFF-AR-10000203;68.48;18.0;13.781600000000001
OFF-AR-10004790;47.88;5.0;2.9925
TEC-AC-10004761;264.438;17.0;88.4115
FUR-BO-10001811;5492.885;26.0;15.048999999999495
OFF-AR-10001130;15.469999999999999;8.0;6.0996
OFF-AP-10000055;266.33599999999996;17.0;-120.17599999999999
FUR-CH-10002304;901.506;44.0;44.166
FUR-FU-10000293;1431.944;14.0;46.3276
OFF-PA-10001307;54.6;15.0;22.47
FUR-FU-10004460;479.33799999999997;14.0;127.2996
OFF-AR-10000716;94.85999999999999;20.0;26.784000000000006
FUR-FU-10004622;379.4;10.0;-48.78
OFF-BI-10003529;36.919999999999995;17.0;12.2972
OFF-BI-10001097;116.50099999999999;32.0;14.827399999999999
OFF-BI-10001597;1217.1060000000002;47.0;215.55480000000003
OFF-FA-10001754;8.096;5.0;3.404
OFF-FA-10004838;33.480000000000004;20.0;-2.603999999999999
TEC-PH-10002115;844.672;15.0;112.18299999999999
OFF-FA-10003059;34.39;21.0;8.9233
OFF-BI-10004330;661.942;33.0;-9.245000000000005
OFF-BI-10003669;83.16;26.0;10.151999999999997
OFF-BI-10003727;90.70599999999999;36.0;12.456400000000002
TEC-AC-10003447;291.85400000000004;15.0;66.9665
OFF-AR-10000255;75.92;13.0;19.7392
OFF-AP-10002191;737.754;15.0;89.97
OFF-PA-10000349;118.524;25.0;52.538999999999994
FUR-CH-10002880;5436.158;54.0;-474.74140000000006
OFF-PA-10003127;327.11199999999997;13.0;141.9244
TEC-MA-10003979;7699.89;11.0;3772.9461
OFF-PA-10000029;95.904;17.0;38.620799999999996
OFF-LA-10000452;51.03;17.0;23.184
TEC-PH-10001819;746.8340000000001;19.0;302.3328
OFF-AR-10002952;293.7;24.0;63.012
TEC-PH-10000576;1945.258;18.0;145.2094
OFF-PA-10000605;49.708;9.0;23.1778
OFF-ST-10004340;2300.66;40.0;485.00399999999996
OFF-BI-10004001;487.34399999999994;42.0;100.8768
FUR-TA-10004147;1231.56;13.0;96.28559999999997
OFF-AR-10001545;36.608;23.0;7.8671999999999995
TEC-AC-10001013;533.078;19.0;160.21629999999996
OFF-AR-10002255;31.104;11.0;8.6112
OFF-PA-10001892;110.01600000000002;17.0;43.7772
OFF-BI-10003676;258.72;51.0;-27.165600000000005
OFF-FA-10003495;192.128;35.0;85.728
OFF-EN-10003798;68.28;5.0;23.0445
TEC-PH-10003589;442.5539999999999;29.0;171.2648
OFF-PA-10004735;146.448;23.0;68.94720000000001
FUR-BO-10002206;119.833;1.0;-12.6882
OFF-PA-10000141;27.468000000000004;14.0;11.2924
TEC-PH-10001061;1339.866;15.0;229.97699999999998
OFF-AR-10002375;82.656;26.0;22.107200000000002
OFF-EN-10001539;196.056;26.0;88.8476
FUR-TA-10004086;1788.3840000000002;27.0;-22.3548
OFF-PA-10000100;1696.986;45.0;756.2655
OFF-LA-10000973;17.64;7.0;6.174
OFF-ST-10001476;937.4639999999999;29.0;185.7173
OFF-EN-10002831;610.98;17.0;274.941
OFF-PA-10001763;49.95;5.0;22.4775
OFF-BI-10002072;119.922;17.0;46.057
OFF-FA-10001561;69.76;34.0;20.099600000000002
TEC-MA-10004241;1286.85;4.0;360.318
OFF-AP-10003849;5009.48;16.0;715.64
OFF-FA-10000735;54.312000000000005;19.0;23.798000000000002
OFF-BI-10003350;38.918;11.0;1.0208000000000004
TEC-PH-10000307;63.50999999999999;7.0;-10.074000000000002
TEC-CO-10004202;4859.838000000001;19.0;1154.9615000000001
FUR-FU-10001852;33.756;21.0;8.9088
OFF-AR-10003759;59.696000000000005;35.0;24.661000000000005
OFF-ST-10004337;1445.2640000000001;24.0;-24.496
FUR-TA-10001932;5098.1759999999995;22.0;-404.00640000000004
FUR-CH-10002126;2586.1879999999996;15.0;-48.7959999999997
TEC-PH-10004700;127.87200000000001;14.0;52.3476
OFF-BI-10003429;136.728;41.0;4.3677
FUR-FU-10004952;514.556;13.0;23.53819999999999
OFF-PA-10003172;176.25600000000003;28.0;81.9072
OFF-ST-10002352;225.03600000000003;30.0;47.88
OFF-PA-10002259;76.092;8.0;29.5416
OFF-BI-10002976;65.254;21.0;19.287100000000002
OFF-BI-10003694;137.808;27.0;-14.407200000000003
OFF-LA-10004425;53.754000000000005;21.0;21.5883
FUR-CH-10001270;2389.125;34.0;336.375
TEC-PH-10004539;4044.3860000000004;24.0;733.2812000000001
OFF-AR-10001919;30.831999999999997;17.0;8.1404
TEC-PH-10003655;13.86;8.0;2.2967999999999997
OFF-BI-10004656;38.016;30.0;4.319999999999999
OFF-ST-10002344;1635.7960000000003;22.0;-110.13279999999992
TEC-PH-10004447;3613.74;31.0;425.3094
FUR-CH-10003973;9070.944000000001;31.0;773.2607999999999
OFF-PA-10000682;60.112;12.0;24.7384
FUR-FU-10002268;149.264;34.0;37.4142
TEC-AC-10001990;1703.7160000000001;33.0;357.5404
FUR-CH-10004540;815.8639999999999;32.0;15.0832
OFF-ST-10002292;1706.508;5.0;222.588
OFF-AR-10004999;145.912;25.0;33.787
OFF-BI-10001031;99.32400000000001;27.0;22.9086
OFF-BI-10002432;96.64600000000002;26.0;26.919199999999996
FUR-FU-10001867;121.296;13.0;21.7056
TEC-PH-10002200;7437.886;30.0;353.7884000000001
TEC-PH-10000439;495.876;15.0;69.98249999999999
OFF-PA-10001685;257.556;29.0;107.58539999999999
OFF-ST-10001418;1073.248;20.0;-121.96000000000001
OFF-ST-10000676;581.58;7.0;-56.2194
OFF-AR-10001022;14.2;5.0;4.402
OFF-EN-10003055;783.608;22.0;299.85
TEC-CO-10001046;8959.872000000001;16.0;2799.96
FUR-FU-10000076;487.51200000000006;27.0;180.0198
FUR-FU-10003268;775.6120000000001;20.0;135.932
FUR-FU-10003691;180.30999999999997;18.0;55.821999999999996
OFF-AR-10003903;565.386;14.0;140.9368
TEC-PH-10003442;104.5;21.0;17.875
OFF-BI-10004519;2954.4440000000004;27.0;489.6410000000001
OFF-EN-10004955;77.904;15.0;36.5175
FUR-TA-10004619;3775.647;29.0;541.6539999999999
FUR-BO-10004467;1897.8102000000001;31.0;-612.9386999999999
OFF-AR-10002280;54.348;9.0;22.3215
FUR-CH-10001708;3989.7340000000004;32.0;425.7595999999999
OFF-AR-10000462;22.4;14.0;9.632
TEC-PH-10004165;7699.72;34.0;780.9716
FUR-FU-10003724;279.558;38.0;44.1936
FUR-FU-10003535;531.948;21.0;192.2142
OFF-ST-10003716;9630.856;47.0;429.7882
TEC-PH-10004586;5327.26;17.0;1043.855
OFF-BI-10004236;386.08399999999995;39.0;76.92320000000001
OFF-AR-10000422;29.346;16.0;3.7668
OFF-PA-10002870;124.8;20.0;56.16
OFF-ST-10000563;1426.308;50.0;-12.792
OFF-BI-10002854;611.054;36.0;106.51400000000001
FUR-CH-10001973;1775.6800000000003;21.0;-228.6188
TEC-AC-10000580;1039.8700000000001;14.0;43.1946
OFF-AR-10004022;705.208;22.0;111.53799999999997
TEC-AC-10004209;136.27599999999998;14.0;42.4214
TEC-AC-10000023;503.28;24.0;181.1808
TEC-PH-10003505;3415.0399999999995;46.0;384.1919999999998
OFF-LA-10000121;90.72;15.0;39.69
OFF-BI-10002026;2068.822;64.0;349.63320000000004
OFF-PA-10000994;2789.0099999999998;28.0;1262.394
OFF-BI-10002813;28.512;41.0;-16.137
OFF-AR-10004817;51.60000000000001;11.0;11.3004
OFF-AR-10001860;173.5;27.0;53.57680000000001
OFF-BI-10004970;147.02800000000002;44.0;50.7164
OFF-PA-10002968;169.01600000000002;8.0;70.3472
FUR-BO-10003433;322.19199999999995;14.0;-81.16760000000001
FUR-FU-10002554;167.92999999999998;7.0;38.62389999999999
TEC-PH-10003437;1229.836;21.0;127.483
OFF-AP-10003971;262.449;29.0;28.7496
FUR-CH-10003846;1242.0539999999999;13.0;139.35240000000002
OFF-LA-10001404;44.28;13.0;18.8559
OFF-LA-10001474;573.9639999999999;20.0;244.24
OFF-PA-10003072;110.16;19.0;46.13759999999999
FUR-FU-10004960;390.66;17.0;132.8244
TEC-AC-10003116;536.05;32.0;189.57000000000002
OFF-AP-10004859;432.432;35.0;60.42399999999999
OFF-PA-10002659;68.276;21.0;29.946800000000003
OFF-BI-10004139;133.86;14.0;21.825000000000003
OFF-AR-10002818;197.82;9.0;59.346000000000004
OFF-AP-10001303;147.26;9.0;48.754999999999995
OFF-ST-10002574;4199.456;35.0;-635.444
FUR-FU-10004018;536.04;36.0;144.73080000000002
TEC-PH-10002549;3839.62;22.0;162.6192
OFF-PA-10004911;196.98000000000002;21.0;94.5504
TEC-MA-10002178;1391.4;4.0;-55.656
OFF-AR-10000411;86.076;6.0;19.12799999999999
OFF-LA-10000262;56.376000000000005;23.0;23.959799999999998
OFF-PA-10000466;76.836;12.0;36.396
OFF-AR-10003829;93.152;30.0;23.287999999999997
OFF-BI-10001758;100.392;23.0;35.297399999999996
OFF-BI-10000136;68.17200000000001;12.0;30.8568
OFF-ST-10000649;251.2;17.0;51.025000000000006
OFF-PA-10003641;970.784;40.0;400.976
FUR-CH-10002961;1437.484;19.0;54.588
OFF-PA-10004041;161.32;25.0;59.57
TEC-PH-10001336;3044.164;27.0;571.4257
TEC-MA-10003183;1343.9160000000002;11.0;463.971
TEC-AC-10001314;1229.754;27.0;-11.997600000000038
TEC-AC-10004510;778.736;50.0;42.536
OFF-BI-10000042;33.108000000000004;9.0;7.1556
FUR-TA-10003008;2847.7799999999997;20.0;-328.59
OFF-AP-10003590;3051.3;9.0;697.44
OFF-PA-10000806;1097.2079999999999;20.0;526.2120000000001
OFF-AR-10000896;24.272;8.0;4.854399999999999
TEC-PH-10002310;3168.606;22.0;581.6466
OFF-ST-10002289;406.784;13.0;14.30099999999998
OFF-PA-10001289;1279.08;37.0;547.6788
OFF-FA-10000053;48.006;29.0;-5.7078
OFF-EN-10003001;1360.476;18.0;559.3068000000001
FUR-TA-10002958;6942.068;36.0;-856.0144000000001
FUR-TA-10001676;653.121;22.0;-148.39619999999996
OFF-BI-10000822;67.25;17.0;19.6908
OFF-PA-10004888;151.63199999999998;25.0;67.392
FUR-TA-10002622;1436.232;12.0;-143.62319999999997
OFF-PA-10000418;1782.4499999999998;19.0;746.5319999999999
FUR-TA-10001039;2764.257;47.0;-226.12739999999997
OFF-AR-10002240;573.648;16.0;126.8064
OFF-BI-10002867;1291.248;26.0;451.9368
FUR-FU-10003976;196.248;17.0;55.1004
TEC-PH-10002922;2906.628;21.0;422.4749999999999
OFF-PA-10000501;231.856;10.0;94.36
OFF-AP-10004980;303.36;14.0;-20.476799999999997
TEC-PH-10001750;1385.7899999999997;24.0;229.64520000000002
OFF-BI-10003708;122.17999999999999;28.0;7.449999999999999
OFF-BI-10001191;422.63599999999997;28.0;59.0672
OFF-PA-10003673;245.43599999999998;38.0;106.3104
OFF-PA-10001639;143.85600000000002;24.0;62.985600000000005
TEC-AC-10004975;1913.13;18.0;587.133
OFF-BI-10004364;125.33399999999997;38.0;1.1879999999999988
OFF-PA-10001712;149.85000000000002;15.0;67.4325
FUR-CH-10004289;2389.9020000000005;30.0;-1.2256862191861728e-13
TEC-PH-10002564;689.77;27.0;122.95899999999993
OFF-BI-10004876;16.402;8.0;5.0596000000000005
TEC-PH-10004348;133.128;5.0;3.6979999999999995
OFF-BI-10004352;35.775;6.0;15.525
OFF-BI-10000666;653.984;29.0;210.86400000000003
TEC-MA-10000010;3040.0;8.0;1459.2
OFF-BI-10000977;1100.48;47.0;328.928
FUR-TA-10002530;3457.4419999999996;30.0;-392.54800000000006
FUR-FU-10001473;839.676;57.0;176.32469999999998
OFF-BI-10001765;554.24;22.0;157.95839999999998
FUR-CH-10000847;4626.582;18.0;750.7284
OFF-PA-10001293;79.056;13.0;35.2512
OFF-AR-10000634;81.32000000000001;23.0;9.4588
FUR-FU-10004270;426.56000000000006;51.0;116.7148
OFF-AR-10003770;25.92;9.0;7.5168
OFF-LA-10003121;66.08;17.0;28.166600000000003
OFF-PA-10002262;142.56;22.0;68.4288
OFF-PA-10002464;106.35199999999999;19.0;50.343799999999995
OFF-ST-10002214;318.378;30.0;67.74000000000001
OFF-PA-10000130;57.352;16.0;19.688000000000002
TEC-AC-10000865;708.0;12.0;120.36
OFF-FA-10003021;34.592;22.0;7.708
TEC-PH-10003580;2252.4320000000002;15.0;-119.119
TEC-AC-10001109;773.7420000000001;28.0;286.70439999999996
OFF-PA-10001838;132.888;24.0;60.9168
OFF-ST-10004950;652.6239999999999;43.0;39.83919999999998
OFF-PA-10003823;501.87600000000003;18.0;195.174
TEC-PH-10001300;477.65999999999997;24.0;115.64399999999999
FUR-TA-10003715;3140.5499999999997;18.0;-401.99040000000014
TEC-MA-10004458;396.0;4.0;190.08
OFF-BI-10004965;184.0;20.0;57.5
OFF-AR-10001419;128.03;34.0;29.735999999999997
OFF-PA-10002586;101.592;22.0;43.5252
OFF-AR-10002221;18.2;8.0;3.016000000000001
FUR-FU-10002456;154.33599999999998;27.0;42.29679999999999
OFF-FA-10004968;58.344;16.0;-0.299199999999997
OFF-PA-10001274;18.25;5.0;8.5775
OFF-PA-10001125;1102.888;41.0;404.289
OFF-ST-10000344;276.658;22.0;58.0176
OFF-ST-10003324;248.35999999999999;7.0;0.0
OFF-ST-10000419;317.77200000000005;24.0;-4.888800000000007
OFF-AP-10001626;50.57000000000001;17.0;1.6338000000000008
FUR-FU-10003981;29.952;16.0;10.6496
OFF-ST-10001291;229.976;15.0;44.811499999999995
OFF-AP-10004868;91.68599999999999;18.0;-10.4118
OFF-LA-10002195;91.168;30.0;43.120000000000005
OFF-AR-10001315;38.720000000000006;25.0;7.48
OFF-EN-10003134;247.61599999999996;24.0;107.456
OFF-AR-10001955;511.87199999999996;28.0;123.008
OFF-LA-10001641;106.47000000000001;35.0;49.14
OFF-ST-10001370;2484.3;38.0;-78.0780000000002
TEC-AC-10003038;477.93000000000006;57.0;64.70849999999996
OFF-BI-10000088;241.56;36.0;39.967200000000005
OFF-AR-10003504;127.54400000000001;32.0;30.3024
OFF-EN-10003160;65.52;9.0;31.4496
TEC-AC-10003280;563.812;21.0;66.27789999999997
TEC-PH-10000169;216.95999999999998;14.0;-15.594000000000019
OFF-PA-10001526;114.54;28.0;43.4256
OFF-AP-10004336;546.816;12.0;61.5168
OFF-PA-10001357;651.4399999999999;14.0;302.728
OFF-FA-10000992;66.03;19.0;30.2815
OFF-AR-10001221;75.348;14.0;20.0928
TEC-PH-10004830;201.568;4.0;22.6764
OFF-PA-10004519;60.032000000000004;15.0;25.759999999999998
FUR-BO-10000362;2154.348;14.0;311.1836
OFF-PA-10000308;16.896;4.0;5.28
OFF-SU-10001165;95.076;12.0;21.016799999999996
FUR-FU-10001488;2267.9719999999998;25.0;148.372
OFF-AR-10003251;43.924;17.0;15.568
OFF-AR-10001044;618.5620000000001;27.0;120.3337
OFF-AR-10000823;19.292;12.0;3.5672
OFF-AR-10004456;234.24;16.0;67.92960000000001
OFF-BI-10000591;26.063000000000002;8.0;9.880600000000001
TEC-PH-10000441;2746.582;25.0;478.7620000000001
TEC-AC-10004855;461.86800000000005;16.0;-58.783199999999994
OFF-AR-10001915;287.96999999999997;31.0;109.4286
OFF-ST-10000352;208.18;8.0;5.948000000000011
OFF-PA-10000575;218.094;34.0;95.2656
FUR-FU-10002937;2699.056;29.0;1260.221
TEC-AC-10003063;440.0;18.0;84.5
FUR-FU-10004415;46.592000000000006;16.0;-2.8672000000000017
OFF-ST-10002011;4778.766;12.0;1106.6616000000001
TEC-PH-10000038;2027.3039999999999;18.0;-339.7104
OFF-PA-10002689;155.52;25.0;71.28
TEC-CO-10001766;5669.874;15.0;2092.4535
OFF-PA-10004359;1887.2999999999997;19.0;851.3820000000001
OFF-FA-10001135;13.068000000000001;7.0;-0.5147999999999998
OFF-BI-10004224;1089.936;36.0;-242.20800000000003
TEC-PH-10003357;596.622;10.0;45.894000000000005
OFF-PA-10004475;615.552;12.0;279.1968
OFF-PA-10003001;85.50399999999999;13.0;40.3472
OFF-FA-10000611;36.111999999999995;27.0;15.332799999999999
OFF-BI-10001116;117.74399999999999;46.0;-8.5536
TEC-PH-10004922;1085.238;19.0;130.6305
OFF-BI-10002353;342.7680000000001;42.0;18.52799999999999
OFF-FA-10002676;24.977999999999998;15.0;7.602000000000001
TEC-AC-10003023;759.936;14.0;78.36840000000001
OFF-PA-10000167;489.48400000000004;18.0;182.782
TEC-PH-10002185;79.23;13.0;29.5375
FUR-FU-10000758;513.712;23.0;123.9264
TEC-MA-10004679;2330.65;13.0;-785.7620000000001
OFF-AP-10002495;452.96500000000003;8.0;105.485
OFF-BI-10002414;66.40899999999999;12.0;-13.281800000000004
TEC-AC-10003133;13.616;2.0;3.5742
TEC-AC-10002006;556.4520000000001;39.0;126.1611
OFF-LA-10002381;24.023999999999997;8.0;11.211200000000002
OFF-FA-10001843;50.388;22.0;21.5878
OFF-LA-10003077;58.48;8.0;27.4856
OFF-PA-10003424;25.227999999999998;8.0;10.388
OFF-PA-10004405;29.204;11.0;12.1584
FUR-BO-10003965;1646.9180000000001;12.0;-285.94839999999994
FUR-FU-10002088;170.62;22.0;56.035199999999996
TEC-AC-10000736;1615.798;21.0;540.7324
FUR-BO-10003966;1427.683;10.0;-8.549000000000028
OFF-AP-10000828;3511.012;24.0;383.6776
OFF-AP-10002906;9.768;6.0;0.4439999999999999
OFF-AP-10003860;244.288;10.0;41.64
FUR-TA-10001307;3739.1150000000002;14.0;608.043
OFF-PA-10001457;186.49599999999998;14.0;72.7936
OFF-AP-10002082;239.57999999999998;14.0;41.382000000000005
TEC-AC-10003590;626.5379999999999;25.0;212.29799999999997
OFF-PA-10004355;79.056;14.0;31.8816
OFF-PA-10004947;48.792;12.0;20.544
FUR-TA-10004607;2040.054;18.0;-115.3074
OFF-PA-10003893;109.568;28.0;43.656
TEC-PH-10001817;8878.4;32.0;515.5200000000002
FUR-BO-10000330;1064.624;10.0;24.19600000000004
OFF-BI-10001900;124.59200000000001;26.0;42.0498
FUR-BO-10003159;1909.8178000000003;19.0;-78.18639999999999
FUR-FU-10001591;270.84000000000003;23.0;108.092
OFF-LA-10002034;88.38000000000001;18.0;43.3062
OFF-BI-10001628;287.868;39.0;64.14450000000001
OFF-ST-10000877;1072.626;20.0;254.334
OFF-AR-10004752;49.128;19.0;12.6024
OFF-PA-10000675;1565.818;40.0;729.622
OFF-PA-10001609;73.696;25.0;29.281000000000002
TEC-PH-10001615;481.234;17.0;131.32469999999998
TEC-AC-10004568;1086.012;41.0;156.46409999999995
FUR-CH-10001854;8774.5;28.0;1305.6455999999998
OFF-AR-10000475;83.952;8.0;15.857600000000001
TEC-PH-10000455;1159.9;10.0;336.371
OFF-PA-10001994;121.392;6.0;48.556799999999996
TEC-AC-10002926;1409.718;30.0;554.889
TEC-PH-10004897;257.742;30.0;-38.961
FUR-FU-10001196;125.786;26.0;20.772
OFF-PA-10000595;351.736;16.0;154.3984
OFF-LA-10000443;66.42;22.0;23.394599999999997
OFF-LA-10001771;93.624;22.0;34.4616
OFF-AP-10001394;1946.6999999999998;13.0;374.22
FUR-FU-10002553;117.28;5.0;-16.4925
OFF-AP-10004233;299.20799999999997;9.0;-177.22320000000002
FUR-CH-10004754;803.464;31.0;125.0166
OFF-PA-10000809;60.912000000000006;11.0;23.846400000000003
FUR-FU-10002878;467.072;17.0;162.0512
TEC-PH-10002624;6109.870000000001;15.0;1104.4764999999998
TEC-PH-10002885;12996.600000000002;24.0;1611.5784
TEC-PH-10000895;6227.654;40.0;899.95
TEC-MA-10000488;9279.884;14.0;1327.9834
OFF-PA-10003729;46.656;9.0;16.3296
OFF-AP-10001005;1761.7599999999998;23.0;549.7635
FUR-CH-10000988;5294.456;44.0;833.5952
FUR-FU-10001986;581.172;14.0;81.568
FUR-FU-10004973;678.24;51.0;120.9528
OFF-ST-10000464;368.456;11.0;93.1568
OFF-PA-10000528;70.752;14.0;30.096
OFF-PA-10003129;684.74;14.0;321.8278
OFF-AR-10003631;123.904;30.0;26.619999999999997
OFF-BI-10002133;834.6;42.0;-82.17599999999999
TEC-PH-10004959;341.666;4.0;40.196
FUR-BO-10001918;1014.174;10.0;-418.548
FUR-FU-10001617;66.56;7.0;18.512
TEC-PH-10002824;2018.702;13.0;10.299500000000009
OFF-PA-10003309;104.976;19.0;40.9536
OFF-ST-10002554;1281.442;29.0;-108.58019999999999
OFF-AR-10002067;531.712;27.0;135.30880000000002
FUR-TA-10004175;1296.028;6.0;-177.3512
FUR-TA-10004767;638.8199999999999;12.0;34.07039999999995
OFF-EN-10002621;78.24;9.0;34.23
OFF-LA-10003714;21.75;7.0;8.100000000000001
FUR-FU-10001889;265.104;27.0;74.7972
OFF-AR-10003723;20.279999999999998;6.0;7.5036000000000005
OFF-PA-10000241;458.504;16.0;185.88
OFF-AR-10001446;196.35;20.0;34.650000000000006
OFF-BI-10001359;19823.479000000003;37.0;2233.5051000000003
OFF-EN-10001749;29.808;2.0;10.8054
OFF-BI-10004390;4209.8;15.0;1052.45
TEC-PH-10004924;56.164;8.0;13.0064
FUR-CH-10000155;3528.790000000001;14.0;514.366
OFF-BI-10001757;112.668;48.0;-10.135200000000001
FUR-FU-10004093;260.148;8.0;68.46000000000001
FUR-FU-10001037;168.744;23.0;48.822
OFF-PA-10001878;1320.57;30.0;542.901
TEC-MA-10003674;597.132;3.0;49.761
OFF-LA-10003190;78.33600000000001;30.0;34.272000000000006
TEC-PH-10001809;1259.58;10.0;134.95499999999998
OFF-BI-10003091;4322.814;23.0;1592.4977999999999
FUR-CH-10003981;4420.0560000000005;24.0;41.1167999999991
OFF-ST-10002562;219.49200000000002;28.0;30.3912
TEC-PH-10004345;2063.14;21.0;299.87500000000006
TEC-PH-10001198;709.92;12.0;79.866
OFF-PA-10001972;215.136;37.0;90.46079999999999
TEC-PH-10002483;1631.952;6.0;142.79579999999999
FUR-BO-10000468;723.842;21.0;-133.1092
TEC-AC-10001284;469.402;24.0;150.3748
OFF-BI-10002082;1041.6640000000002;47.0;259.584
OFF-ST-10001505;180.596;33.0;16.80379999999998
OFF-AR-10004582;24.272;17.0;8.937999999999999
TEC-AC-10002842;3998.4;35.0;499.8
OFF-AP-10004785;203.94;18.0;87.6942
TEC-AC-10002217;443.67999999999995;25.0;1.8799999999999972
OFF-BI-10002954;51.184000000000005;20.0;3.656
OFF-AP-10003281;149.916;15.0;22.970999999999986
OFF-SU-10000898;458.70000000000005;36.0;103.41599999999998
OFF-BI-10001249;170.98400000000004;41.0;29.73079999999999
TEC-AC-10002718;265.538;21.0;5.106499999999999
TEC-PH-10002352;1394.95;5.0;362.687
FUR-CH-10003774;4166.884;59.0;-503.1194
OFF-AR-10000127;65.60000000000001;22.0;14.366399999999999
TEC-PH-10003811;2159.82;22.0;259.1784
OFF-BI-10002393;57.39999999999999;16.0;7.8064
FUR-TA-10002855;2297.538;19.0;100.97460000000001
OFF-EN-10000781;75.164;10.0;28.842
OFF-PA-10002160;174.55599999999998;34.0;74.33080000000001
OFF-AR-10002257;50.768;18.0;9.2852
OFF-FA-10004395;77.244;18.0;-3.297
OFF-AP-10002534;2946.2;18.0;-872.0752
FUR-BO-10003034;1912.308;18.0;-68.10959999999997
OFF-ST-10000943;614.058;35.0;127.446
OFF-PA-10000533;83.712;15.0;30.737999999999996
OFF-ST-10001172;407.012;22.0;56.2264
OFF-PA-10001661;11.952;3.0;4.3326
OFF-BI-10004817;156.93800000000002;27.0;-11.2612
FUR-CH-10003833;1890.3799999999999;39.0;-131.107
FUR-FU-10003142;152.06400000000002;30.0;42.767999999999994
TEC-AC-10001114;591.852;15.0;183.954
OFF-FA-10002975;77.11200000000001;24.0;28.123200000000004
OFF-ST-10003996;218.416;14.0;52.034400000000005
OFF-BI-10002571;99.80000000000001;19.0;-0.698599999999999
OFF-PA-10000477;172.77599999999998;33.0;76.1832
OFF-BI-10004209;182.50799999999998;42.0;-3.216000000000001
TEC-AC-10002800;1619.6760000000002;34.0;514.897
FUR-TA-10003954;7404.5;30.0;-681.2139999999999
TEC-AC-10003289;499.75;26.0;99.55019999999999
TEC-PH-10002468;1468.692;13.0;178.1469
OFF-PA-10001295;405.958;24.0;169.21239999999997
OFF-LA-10000248;68.634;19.0;31.4757
OFF-FA-10004076;24.552;15.0;5.841
OFF-LA-10004008;24.192;10.0;8.64
OFF-AR-10001177;42.64;14.0;10.0368
OFF-BI-10001718;2264.8919999999994;50.0;569.422
OFF-AR-10004602;533.368;25.0;119.548
OFF-ST-10000078;10925.004;43.0;1575.1097999999997
OFF-AR-10004272;8.4;5.0;2.1
TEC-PH-10001578;3968.51;12.0;518.336
OFF-ST-10003638;449.664;21.0;90.6354
FUR-BO-10002213;12921.643;42.0;19.68639999999948
OFF-EN-10003040;240.764;11.0;88.1929
TEC-PH-10000923;239.84;21.0;79.2971
FUR-FU-10003623;508.728;21.0;99.5808
OFF-AP-10000124;38.272;7.0;-3.6608
OFF-AR-10004511;47.080000000000005;11.0;14.5948
OFF-PA-10003883;119.21;19.0;52.007
TEC-PH-10002807;419.23;15.0;122.60499999999999
FUR-FU-10002364;183.024;33.0;10.110600000000002
OFF-SU-10001664;159.402;21.0;26.2242
FUR-TA-10003238;4297.644;11.0;-611.5878
TEC-PH-10001536;234.46200000000002;15.0;45.873000000000005
OFF-AR-10004956;47.988;10.0;8.37
OFF-AR-10003696;124.488;4.0;26.2808
OFF-PA-10000551;54.908;11.0;25.8482
OFF-BI-10004506;66.663;12.0;15.307799999999999
OFF-PA-10000740;237.536;12.0;89.5328
FUR-CH-10002084;2705.7799999999997;23.0;499.3394
OFF-AP-10000692;344.59000000000003;19.0;67.2964
OFF-AP-10000252;128.7;12.0;37.44
FUR-FU-10004748;575.46;12.0;107.41919999999999
OFF-AR-10000538;405.36;15.0;109.785
TEC-PH-10001079;1903.84;19.0;276.0568
OFF-AP-10003842;693.952;24.0;143.74720000000002
FUR-CH-10000553;685.588;23.0;115.73539999999998
OFF-AR-10003469;42.944;27.0;18.233600000000003
OFF-PA-10003790;575.568;26.0;254.89440000000002
FUR-BO-10002202;400.0268;3.0;-113.2606
OFF-AP-10002765;386.754;15.0;100.66199999999999
OFF-ST-10003692;1053.032;21.0;151.65949999999998
TEC-PH-10001051;1119.888;14.0;125.98740000000001
OFF-AR-10000817;88.16;30.0;27.968
OFF-SU-10000952;97.68;11.0;27.3504
FUR-FU-10004597;344.09999999999997;8.0;-42.18000000000001
OFF-BI-10002982;143.01;41.0;-2.179200000000002
OFF-PA-10004285;133.6;21.0;60.654399999999995
OFF-AP-10001391;812.1600000000001;9.0;235.52639999999997
TEC-PH-10001944;2481.15;19.0;540.0149999999999
OFF-PA-10001776;246.58199999999997;28.0;109.01520000000002
TEC-AC-10004145;7399.704;31.0;1432.4427
OFF-PA-10003919;7.968;2.0;2.6892
OFF-PA-10002001;12.96;2.0;6.3504
OFF-PA-10002787;120.528;22.0;46.396800000000006
OFF-ST-10003123;858.882;26.0;201.07160000000002
FUR-FU-10000308;1579.3719999999998;26.0;318.3616
TEC-CO-10003763;11619.833999999999;19.0;4570.9347
FUR-TA-10001866;519.941;4.0;-39.443800000000024
OFF-AP-10002222;107.508;13.0;25.229699999999998
OFF-PA-10003971;56.212;10.0;25.714
OFF-AP-10004036;199.72799999999998;16.0;17.52
OFF-AP-10002287;83.90400000000001;22.0;12.7604
FUR-TA-10001950;6518.754;19.0;-1201.0581
TEC-PH-10001527;618.4800000000001;15.0;-6.4425
TEC-AC-10003095;2157.8340000000003;17.0;699.3462
TEC-AC-10000358;888.9659999999999;24.0;196.02839999999998
OFF-EN-10004147;50.232;9.0;22.7838
FUR-FU-10001468;3317.0119999999997;25.0;-530.0380000000001
OFF-PA-10000380;281.892;37.0;127.60199999999999
OFF-AP-10000026;1243.788;27.0;74.99310000000001
OFF-PA-10003936;76.464;13.0;32.6592
FUR-FU-10002501;409.53600000000006;39.0;98.9712
OFF-AP-10001205;1776.0480000000002;40.0;207.024
OFF-BI-10004141;17.49;13.0;-4.8336
OFF-BI-10000632;1219.821;38.0;329.04779999999994
TEC-AC-10004864;379.704;12.0;129.97560000000001
TEC-MA-10000597;299.97;5.0;34.996500000000005
OFF-PA-10002960;34.86;7.0;16.3842
OFF-PA-10000919;155.04;4.0;75.9696
OFF-BI-10001553;110.594;22.0;6.032399999999999
OFF-AP-10004540;1042.08;13.0;291.7824
FUR-CH-10001714;1689.968;13.0;-114.6764
FUR-FU-10002298;2064.2279999999996;24.0;-173.12879999999998
OFF-AR-10000315;23.332;8.0;4.912000000000001
OFF-FA-10000936;67.116;23.0;25.497500000000002
OFF-SU-10004768;35.587999999999994;7.0;7.462
OFF-PA-10002581;755.912;30.0;244.742
OFF-AP-10002403;448.90199999999993;14.0;-7.041599999999996
OFF-AR-10003087;24.92;15.0;5.696
TEC-PH-10000141;488.32599999999996;11.0;-48.8326
TEC-CO-10000971;4199.860000000001;16.0;839.972
OFF-FA-10001229;29.868000000000002;9.0;10.7682
OFF-BI-10002437;110.01599999999999;9.0;39.880799999999994
OFF-PA-10004255;97.20000000000002;15.0;46.65599999999999
OFF-PA-10001184;138.736;24.0;65.5408
TEC-AC-10002637;3743.7920000000004;22.0;21.598799999999898
FUR-BO-10000780;2946.3668000000007;22.0;-767.7436
TEC-PH-10003072;3059.7960000000003;25.0;1147.4235
TEC-MA-10000112;2396.4;10.0;179.73
TEC-AC-10004171;2619.738;29.0;995.9004000000001
FUR-TA-10002645;3481.515;20.0;-295.815
OFF-BI-10003784;11.088;15.0;-2.016
OFF-BI-10001617;184.05200000000002;26.0;41.5668
FUR-CH-10002439;1589.406;31.0;253.83920000000003
OFF-AP-10003057;3855.1800000000003;14.0;1503.5202
FUR-TA-10000849;1007.262;13.0;-586.8396
OFF-EN-10002973;53.760000000000005;12.0;25.8048
OFF-BI-10003963;100.464;16.0;38.729600000000005
OFF-LA-10000081;50.25;14.0;22.950000000000003
OFF-PA-10000726;160.33599999999998;19.0;65.1365
OFF-PA-10004983;141.264;23.0;63.7632
FUR-FU-10002107;37.464000000000006;19.0;13.736799999999999
FUR-CH-10001190;1087.92;10.0;-149.589
TEC-AC-10000682;321.84599999999995;20.0;106.176
OFF-LA-10004545;235.564;20.0;102.74600000000001
OFF-SU-10002557;75.492;6.0;13.420799999999998
TEC-PH-10000912;61.544;8.0;14.0672
OFF-ST-10001837;1240.04;31.0;259.12559999999996
OFF-AR-10001473;28.208000000000002;10.0;4.264
TEC-PH-10001835;2022.272;14.0;872.1048000000001
OFF-PA-10002245;191.35999999999999;33.0;82.823
OFF-EN-10004483;488.904;32.0;223.1408
OFF-SU-10000151;17030.311999999998;11.0;-262.00480000000005
OFF-AP-10001293;1073.676;30.0;188.50799999999998
TEC-PH-10000675;590.328;9.0;44.2746
OFF-ST-10003470;6819.312000000001;25.0;181.6619999999999
OFF-LA-10004559;66.816;24.0;31.564799999999998
OFF-AP-10002651;6832.908;31.0;460.35269999999986
TEC-AC-10002550;619.416;27.0;9.148499999999995
OFF-BI-10000829;141.884;35.0;57.022999999999996
TEC-PH-10002555;2744.87;13.0;253.77100000000002
FUR-BO-10003450;649.376;14.0;-97.4064
FUR-FU-10004665;2191.68;16.0;569.8368
TEC-PH-10000369;2041.038;19.0;317.4948000000001
TEC-AC-10001590;125.0;5.0;30.0
FUR-FU-10004909;193.92000000000002;18.0;4.847999999999992
FUR-BO-10004357;2904.1609999999996;17.0;-170.83300000000008
TEC-AC-10000387;75.1;6.0;1.2015999999999987
OFF-BI-10001308;108.644;30.0;5.023999999999999
OFF-AP-10002734;675.12;3.0;290.3016
FUR-FU-10004587;163.332;15.0;3.141000000000002
TEC-PH-10004833;279.63;26.0;-31.07
FUR-FU-10001847;48.852000000000004;12.0;17.0568
FUR-FU-10002045;377.90999999999997;17.0;166.28040000000001
FUR-FU-10004671;176.7;14.0;23.324400000000004
FUR-TA-10003569;6776.562000000001;21.0;461.12700000000007
OFF-PA-10001752;32.868;7.0;15.0894
TEC-MA-10003356;1619.82;5.0;-22.497500000000002
OFF-AR-10003727;254.85000000000002;17.0;49.780699999999996
TEC-AC-10001635;148.03199999999998;15.0;24.672
OFF-LA-10003663;35.258;13.0;15.3459
TEC-CO-10004722;61599.824;20.0;25199.928000000004
TEC-MA-10002210;1212.705;10.0;-1057.23
OFF-BI-10003196;43.757999999999996;34.0;-19.822
FUR-CH-10002017;245.088;12.0;14.918400000000002
FUR-FU-10003829;65.296;23.0;17.1248
OFF-PA-10000697;49.504;12.0;20.372799999999998
OFF-AR-10004691;171.04;8.0;44.4704
OFF-BI-10000948;146.981;17.0;18.408299999999997
OFF-PA-10000223;84.24;14.0;37.0656
OFF-PA-10000062;857.3760000000001;17.0;380.87280000000004
FUR-BO-10003404;3447.84;8.0;206.8703999999999
OFF-BI-10004233;310.206;31.0;52.447199999999995
TEC-PH-10002834;3815.7880000000005;23.0;710.9605000000001
FUR-CH-10003761;969.252;8.0;204.3288
OFF-PA-10004665;227.94;20.0;94.32000000000001
OFF-BI-10001196;239.466;17.0;37.8222
TEC-MA-10002981;350.973;3.0;152.0883
TEC-PH-10003601;1979.88;12.0;593.964
OFF-BI-10002003;72.038;27.0;15.0842
OFF-PA-10003016;72.848;24.0;31.400000000000002
OFF-PA-10002246;119.97;22.0;47.601
TEC-PH-10002890;1339.104;35.0;167.388
TEC-MA-10003626;1396.21;6.0;139.621
TEC-MA-10002412;22638.48;6.0;-1811.0784
OFF-AR-10003183;65.46399999999998;24.0;9.351999999999999
OFF-PA-10002319;573.648;16.0;257.3664
OFF-PA-10001246;45.36;7.0;21.7728
OFF-PA-10001815;960.8;20.0;461.18399999999997
FUR-FU-10001876;636.608;22.0;179.2896
TEC-PH-10000673;1221.8120000000001;25.0;376.942
TEC-PH-10002075;377.97;3.0;109.6113
TEC-PH-10003691;3099.3540000000003;27.0;548.0565
OFF-SU-10000157;2982.75;26.0;-57.26879999999998
TEC-AC-10004227;329.946;31.0;-48.5826
TEC-AC-10004127;27.168;4.0;-1.3584
FUR-CH-10002758;1268.696;7.0;73.194
OFF-ST-10000532;1115.92;31.0;233.18880000000001
TEC-AC-10003709;19.008;21.0;7.3656
OFF-BI-10003166;68.88;23.0;-68.4208
OFF-ST-10004835;35.712;8.0;2.6784
OFF-AP-10000159;558.74;15.0;101.00299999999989
OFF-AP-10001242;1207.2;20.0;80.47999999999998
TEC-AC-10003433;11.682;13.0;4.6035
TEC-PH-10003187;147.92600000000002;9.0;-31.984
OFF-FA-10002763;87.69000000000001;25.0;20.54
OFF-PA-10004239;47.08;12.0;18.831999999999997
OFF-PA-10004782;97.20000000000002;15.0;46.656
FUR-FU-10001185;822.7379999999999;28.0;311.7744
OFF-PA-10003270;84.48000000000002;18.0;32.208000000000006
OFF-PA-10002421;284.382;15.0;108.33600000000001
OFF-PA-10002923;597.068;13.0;278.95799999999997
OFF-ST-10001128;2730.108;26.0;-68.80759999999985
OFF-PA-10000520;110.16;19.0;46.1376
FUR-FU-10003832;155.708;20.0;20.636
FUR-FU-10000409;98.868;7.0;42.2436
TEC-PH-10004389;1310.296;11.0;284.7374
OFF-SU-10000946;153.216;21.0;34.2342
FUR-FU-10001546;108.93599999999998;15.0;-11.213999999999997
OFF-PA-10000791;115.43399999999998;26.0;47.223000000000006
OFF-PA-10003739;11.56;2.0;5.6644
FUR-FU-10000771;138.16;22.0;58.0272
OFF-ST-10002615;6574.544000000001;43.0;1640.5348000000001
OFF-PA-10000327;113.84800000000001;28.0;47.936
OFF-EN-10003286;284.832;35.0;131.238
OFF-AR-10003772;43.75;5.0;13.125
OFF-AR-10003338;139.87199999999999;20.0;28.272
FUR-FU-10002116;763.6679999999999;15.0;-222.7365
FUR-CH-10000422;2647.809;34.0;49.13459999999999
FUR-FU-10002685;56.099999999999994;3.0;21.317999999999998
FUR-FU-10004963;159.25;22.0;47.6
OFF-BI-10000174;191.97999999999996;47.0;50.227999999999994
FUR-CH-10004875;1501.898;24.0;254.82440000000005
FUR-FU-10000305;468.468;7.0;51.105599999999995
TEC-PH-10001459;13943.668000000001;39.0;1822.7566000000002
FUR-FU-10002445;216.144;25.0;73.944
OFF-PA-10000213;75.696;16.0;33.4656
FUR-CH-10001797;881.192;26.0;170.85119999999998
OFF-PA-10003848;178.848;30.0;77.75999999999999
FUR-FU-10000755;93.6;15.0;23.4
FUR-FU-10000550;72.708;19.0;9.3126
TEC-MA-10004521;206.991;3.0;-172.4925
OFF-BI-10003655;37.239999999999995;11.0;15.085999999999999
OFF-AP-10003779;1473.108;8.0;311.2199999999999
OFF-FA-10002701;13.440000000000001;8.0;0.5376000000000001
OFF-BI-10002799;117.58599999999998;40.0;5.698
OFF-AR-10003582;523.59;20.0;118.22999999999999
FUR-FU-10004666;119.556;10.0;27.701999999999998
OFF-EN-10002312;108.68200000000002;10.0;52.123
FUR-CH-10002320;6483.796;22.0;1540.704
OFF-AR-10001216;26.688000000000002;10.0;6.116
FUR-FU-10003247;369.248;21.0;-40.491400000000006
FUR-TA-10003837;51.782;5.0;-17.514499999999998
TEC-PH-10002350;251.90999999999997;10.0;50.382
TEC-AC-10000397;419.88;12.0;29.3916
TEC-AC-10004001;386.90999999999997;10.0;133.269
OFF-PA-10001534;127.00800000000001;21.0;56.246399999999994
FUR-FU-10002379;331.76;8.0;39.8112
TEC-PH-10000526;2630.1259999999997;32.0;418.5164
OFF-PA-10001977;443.84000000000003;9.0;184.1936
FUR-BO-10003660;729.2339999999999;4.0;48.6156
OFF-BI-10001267;72.806;20.0;8.638000000000003
OFF-PA-10002741;34.24;8.0;15.408
OFF-PA-10001471;116.96000000000001;16.0;53.8016
TEC-MA-10001972;3210.7999999999997;12.0;111.6800000000002
FUR-FU-10003464;210.912;11.0;59.217600000000004
OFF-PA-10004438;122.8;10.0;57.716
FUR-FU-10004586;81.008;16.0;25.7632
TEC-PH-10004908;1665.8039999999999;25.0;178.4789999999998
FUR-CH-10004495;6410.874000000001;26.0;854.7831999999995
TEC-MA-10000418;11099.963;9.0;-8879.9704
OFF-BI-10004600;7985.383;28.0;2318.3369999999995
OFF-BI-10004040;134.68;42.0;23.724400000000003
OFF-AR-10001615;460.2879999999999;25.0;93.24799999999999
TEC-PH-10001299;1679.888;15.0;59.995999999999995
OFF-AR-10004260;389.70000000000005;15.0;109.116
OFF-EN-10004773;433.72;15.0;196.72299999999998
OFF-BI-10001787;62.129999999999995;17.0;5.4282
OFF-ST-10002957;78.144;16.0;-6.336
OFF-FA-10001883;197.61200000000002;27.0;-10.347400000000002
TEC-PH-10001644;335.888;12.0;76.77440000000001
OFF-LA-10000407;95.61600000000001;20.0;41.832
TEC-AC-10000420;1399.8;21.0;429.73859999999996
OFF-EN-10004846;36.708;16.0;15.0024
OFF-SU-10003567;136.32000000000002;17.0;-21.984
OFF-ST-10002301;374.25600000000003;21.0;-48.61260000000001
TEC-PH-10003095;491.68;27.0;195.355
TEC-PH-10004912;516.53;11.0;87.37049999999999
OFF-AR-10000799;37.696;7.0;7.478400000000001
OFF-PA-10004609;80.352;14.0;33.1776
TEC-PH-10003171;746.1700000000001;18.0;163.618
OFF-AP-10000595;43.7;10.0;11.362
TEC-AC-10003399;543.6;15.0;228.312
TEC-MA-10002428;2541.8360000000002;17.0;1092.6795
TEC-PH-10001128;2609.826;21.0;341.9772
OFF-PA-10001033;1434.6500000000003;39.0;619.3588999999998
TEC-AC-10000474;1690.8220000000001;20.0;360.96199999999993
FUR-FU-10002963;47.752;10.0;14.224
FUR-FU-10000193;467.71199999999993;20.0;-129.92
OFF-BI-10000962;410.004;36.0;111.28679999999999
OFF-AP-10002867;664.832;15.0;-78.016
FUR-BO-10002916;2487.759;15.0;410.352
FUR-TA-10004152;1088.6399999999999;16.0;-104.83200000000001
FUR-FU-10000672;258.72;22.0;87.96480000000001
FUR-BO-10002598;1320.228;19.0;362.7078000000001
OFF-PA-10004610;105.28800000000001;26.0;44.084
FUR-FU-10000320;82.832;30.0;26.72
FUR-CH-10003535;1396.442;28.0;-20.73320000000001
FUR-FU-10003919;98.13600000000001;6.0;-78.5088
OFF-PA-10000174;152.144;18.0;54.0728
FUR-FU-10002703;180.46;4.0;-46.403999999999996
TEC-PH-10002415;3657.38;15.0;339.1925000000001
OFF-AR-10000657;45.14999999999999;22.0;13.458999999999998
OFF-PA-10004996;181.456;19.0;77.6343
OFF-PA-10003363;110.16;17.0;52.876799999999996
TEC-AC-10002305;324.0;18.0;58.32
TEC-AC-10000990;2098.88;16.0;881.5296
FUR-BO-10001608;1570.0775999999998;30.0;-26.972399999999993
FUR-BO-10000112;825.174;9.0;-117.882
TEC-PH-10004120;1589.0840000000003;13.0;271.2402
OFF-BI-10003476;135.801;31.0;43.4334
TEC-MA-10002859;917.8979999999999;11.0;393.2563
OFF-AP-10001947;289.45599999999996;31.0;-113.7672
OFF-LA-10001982;71.25;20.0;32.25
TEC-PH-10003484;2015.8400000000001;18.0;314.975
OFF-PA-10000007;51.120000000000005;15.0;21.96
OFF-PA-10000552;84.24000000000001;15.0;33.696
OFF-AR-10004062;157.2;15.0;39.3
OFF-ST-10000321;91.524;13.0;-6.943200000000006
TEC-AC-10002134;105.144;9.0;0.8087999999999997
TEC-PH-10004071;199.8;25.0;17.4825
OFF-PA-10004039;615.78;12.0;273.1824
OFF-AR-10001725;297.99;13.0;70.477
OFF-AR-10004269;94.99;24.0;23.6236
OFF-BI-10003007;698.04;29.0;90.74520000000001
OFF-SU-10002522;44.232;12.0;11.174399999999999
TEC-AC-10004859;374.072;24.0;122.36
TEC-AC-10002558;54.57599999999999;5.0;17.6235
FUR-FU-10001731;93.98400000000001;37.0;32.7342
OFF-SU-10004782;179.14;24.0;37.17999999999999
OFF-SU-10000432;41.64;15.0;-7.807500000000001
OFF-LA-10004409;53.568;20.0;22.464
OFF-ST-10001031;270.24800000000005;18.0;53.3984
OFF-LA-10000476;20.65;5.0;9.498999999999999
OFF-AR-10002987;436.4800000000001;24.0;155.54559999999998
TEC-CO-10001571;4399.92;10.0;1649.9700000000003
FUR-FU-10003026;39.688;9.0;13.1164
OFF-ST-10001034;79.4;5.0;5.95500000000001
TEC-AC-10000521;80.78;8.0;16.156
OFF-SU-10003002;10.08;4.0;0.3024
TEC-PH-10000730;3999.92;8.0;1039.9792
FUR-CH-10004983;4185.48;31.0;342.88739999999984
OFF-FA-10001332;40.896;15.0;18.0
TEC-AC-10001874;551.908;11.0;89.985
OFF-BI-10000494;11.484;6.0;-5.741999999999999
FUR-TA-10003469;1040.625;12.0;-357.975
OFF-AR-10003179;229.57199999999997;28.0;58.668400000000005
FUR-CH-10003606;705.32;6.0;151.3232
FUR-CH-10003298;3680.5380000000005;35.0;-491.1750000000001
OFF-LA-10003537;62.650000000000006;5.0;29.445500000000003
OFF-PA-10000069;102.49199999999999;13.0;37.105900000000005
OFF-PA-10004733;82.368;13.0;29.8584
TEC-AC-10004814;170.97;3.0;70.0977
OFF-SU-10002301;23.864;9.0;-4.1133999999999995
OFF-BI-10004318;3234.9130000000005;23.0;1086.3772
FUR-FU-10004164;29.7;6.0;13.068000000000001
TEC-AC-10001539;1247.844;17.0;377.5528
TEC-PH-10002789;1154.326;12.0;-212.14640000000003
OFF-BI-10004828;256.122;18.0;102.4488
OFF-AR-10001770;34.58;13.0;8.9908
FUR-FU-10004904;1002.936;19.0;-267.44960000000003
FUR-FU-10002396;171.088;18.0;39.75279999999999
TEC-AC-10002331;232.764;26.0;72.5676
TEC-AC-10001090;107.964;4.0;9.5968
FUR-BO-10004218;3626.0056;34.0;-208.6504
TEC-PH-10001619;1803.108;10.0;411.579
OFF-PA-10000246;136.816;15.0;55.33
OFF-PA-10001461;86.84;14.0;38.2096
OFF-AR-10004165;25.992;12.0;10.6704
OFF-EN-10001028;100.63199999999999;9.0;42.4092
TEC-PH-10003535;159.984;2.0;13.9986
FUR-FU-10001085;216.34;14.0;75.34599999999999
OFF-AR-10003481;65.6;24.0;9.708799999999995
OFF-PA-10002606;124.608;26.0;49.104
FUR-FU-10003731;149.70000000000002;15.0;41.916
OFF-AP-10001962;229.886;28.0;53.696000000000005
FUR-FU-10003798;158.24;10.0;27.692
OFF-AR-10002704;14.98;1.0;4.494
TEC-AC-10002942;1007.4000000000001;17.0;33.809999999999924
TEC-MA-10001016;575.82;6.0;67.179
TEC-AC-10001553;373.78000000000003;26.0;24.8054
FUR-FU-10001215;681.454;17.0;256.1922
OFF-PA-10002499;244.7;5.0;122.35
TEC-PH-10003215;467.21999999999997;18.0;192.279
OFF-LA-10002945;153.72;29.0;55.062000000000005
OFF-AR-10002766;56.156;22.0;11.5092
TEC-PH-10004434;1386.69;12.0;228.39600000000002
FUR-BO-10000711;851.76;12.0;229.9752
OFF-BI-10001120;15875.916000000001;13.0;3345.2823
OFF-AP-10004655;47.544000000000004;5.0;10.188
FUR-BO-10004360;489.37919999999997;4.0;-70.8312
TEC-AC-10000199;44.03;9.0;-2.0229999999999997
TEC-MA-10001127;18374.895;12.0;4094.9766
OFF-AR-10001227;23.52;8.0;6.3504000000000005
FUR-CH-10000229;2032.3500000000001;10.0;-460.6660000000001
FUR-BO-10002853;540.804;9.0;-12.290999999999997
OFF-PA-10004022;29.97;3.0;13.4865
OFF-PA-10004248;36.96;8.0;13.728
OFF-PA-10001363;294.71999999999997;24.0;138.5184
OFF-BI-10003876;569.24;19.0;162.64000000000001
OFF-EN-10004007;62.28;4.0;29.2716
FUR-BO-10003894;802.0740000000001;14.0;106.47
TEC-MA-10001570;385.8;5.0;130.2075
FUR-FU-10003930;786.9;14.0;147.9372
OFF-PA-10000232;69.98400000000001;12.0;30.3264
OFF-AR-10001972;21.168;14.0;3.7632000000000003
OFF-AR-10004587;59.489999999999995;3.0;17.847
OFF-AP-10001366;186.66;17.0;50.398199999999996
OFF-BI-10000216;54.474000000000004;9.0;-3.891
TEC-MA-10001047;14299.89;11.0;3717.9714000000004
OFF-LA-10003720;84.86999999999999;25.0;35.9775
TEC-MA-10003246;447.968;4.0;139.99
FUR-FU-10000175;159.268;16.0;7.6888000000000005
OFF-PA-10000556;54.432;9.0;24.105600000000003
TEC-AC-10003237;103.88;11.0;37.418
OFF-EN-10003068;71.28;9.0;24.947999999999997
FUR-FU-10004053;234.784;13.0;84.80560000000001
OFF-PA-10000565;279.9;5.0;137.151
OFF-LA-10000414;155.25;15.0;74.52
OFF-AP-10002998;333.564;17.0;86.8566
FUR-BO-10004690;1072.344;9.0;-78.36359999999999
OFF-AR-10002445;209.568;30.0;77.88
FUR-BO-10003546;1474.308;22.0;-191.86200000000005
FUR-TA-10003392;3540.348;14.0;354.0348
OFF-AR-10003217;46.944;11.0;8.2152
OFF-ST-10001932;4829.250000000001;26.0;509.9688
OFF-AR-10001761;123.80799999999999;24.0;34.1056
OFF-EN-10003567;197.82;10.0;81.326
OFF-PA-10003022;297.12;26.0;120.81179999999998
FUR-TA-10004442;917.92;5.0;-415.9325
OFF-ST-10000129;1287.9479999999999;12.0;48.8532
OFF-PA-10004948;29.88;6.0;14.0436
OFF-PA-10001725;178.296;5.0;79.458
TEC-PH-10000213;272.888;11.0;27.288800000000002
OFF-PA-10000807;70.19200000000001;17.0;31.629199999999997
OFF-ST-10003805;3537.24;19.0;536.9024999999999
OFF-PA-10004353;527.472;28.0;236.56320000000002
OFF-EN-10004206;325.86;2.0;149.8956
OFF-LA-10003388;5.76;2.0;2.8224
TEC-PH-10000193;496.58399999999995;12.0;88.2816
FUR-FU-10002111;59.696;10.0;14.56
OFF-ST-10000885;201.45000000000002;15.0;50.362500000000004
OFF-PA-10002709;89.7;16.0;40.9032
FUR-FU-10003424;151.656;16.0;35.45759999999999
OFF-BI-10003718;1180.704;12.0;413.2464
FUR-FU-10002508;45.036;6.0;16.0128
OFF-AP-10004052;56.09;18.0;3.4759999999999995
OFF-PA-10003134;499.616;12.0;199.84640000000002
FUR-FU-10000719;145.69;17.0;52.4484
FUR-BO-10003893;1368.2620000000002;16.0;-103.482
TEC-CO-10001943;4119.794;25.0;1469.9265
FUR-CH-10000749;2207.956;13.0;231.6544000000001
OFF-PA-10003228;1222.75;25.0;574.6925
TEC-AC-10001542;107.912;10.0;14.923999999999996
TEC-AC-10004877;154.56;23.0;8.556000000000001
TEC-PH-10001305;1283.538;32.0;154.8084
OFF-PA-10000483;415.13200000000006;15.0;159.54700000000003
TEC-AC-10000487;25.96;5.0;5.5165
TEC-AC-10002018;88.074;14.0;32.2938
OFF-PA-10004381;422.752;10.0;172.94400000000002
OFF-EN-10001453;939.092;16.0;421.9816
OFF-SU-10001212;9.568;5.0;2.2880000000000003
OFF-BI-10000201;25.830000000000002;25.0;-4.92
TEC-AC-10004396;174.24;12.0;-19.60199999999999
OFF-AR-10002467;37.548;13.0;9.267800000000001
FUR-FU-10002813;291.45599999999996;15.0;97.15199999999999
TEC-MA-10000752;41.905;8.0;-20.519
FUR-FU-10004845;702.4399999999999;14.0;123.96
OFF-FA-10000840;12.996;13.0;5.1414
OFF-AR-10001231;29.4;14.0;8.232
TEC-PH-10004875;9.588;2.0;-2.0774
FUR-CH-10001802;967.8399999999999;10.0;12.097999999999992
TEC-PH-10003356;75.49199999999999;13.0;10.0656
OFF-AP-10002670;277.92;4.0;83.376
OFF-FA-10003485;26.724;12.0;9.7464
OFF-AP-10000390;170.744;11.0;-325.6332
OFF-PA-10002764;170.10000000000002;15.0;83.34899999999999
OFF-PA-10000143;144.672;29.0;65.0496
TEC-MA-10000045;6965.700000000001;6.0;3343.536
OFF-ST-10000136;341.41999999999996;10.0;59.55
TEC-PH-10004522;467.92;11.0;-14.622499999999992
TEC-PH-10002584;6134.701999999999;13.0;438.193
FUR-CH-10004626;1947.177;20.0;413.649
TEC-PH-10000562;688.138;9.0;-31.077199999999998
FUR-FU-10001025;53.46;17.0;6.3666
OFF-LA-10004178;45.43;12.0;18.6676
OFF-PA-10003797;187.92;29.0;90.2016
OFF-EN-10003448;88.008;9.0;35.898
OFF-AP-10000938;2221.56;24.0;476.6256000000001
OFF-SU-10004737;88.92;13.0;24.0084
FUR-TA-10001691;136.464;2.0;15.3522
TEC-MA-10003173;131.1;10.0;60.306
OFF-LA-10000305;97.02;16.0;42.588
TEC-PH-10002583;215.89199999999997;12.0;-11.99400000000001
OFF-AR-10003876;26.08;9.0;9.6496
OFF-PA-10003063;52.8;15.0;21.6
OFF-PA-10003302;1098.6399999999999;32.0;497.5776
TEC-MA-10000423;204.507;12.0;64.6506
TEC-AC-10004992;202.68;6.0;16.21439999999998
OFF-BI-10004099;52.992000000000004;20.0;-23.808
OFF-PA-10001215;77.088;17.0;27.72
TEC-AC-10003870;5609.83;17.0;2243.932
OFF-AP-10000275;5906.52;18.0;1653.8256000000001
FUR-FU-10003192;1545.816;18.0;362.4672
OFF-PA-10000859;18.308;5.0;8.358
OFF-AR-10000614;67.83000000000001;19.0;17.6358
OFF-FA-10000089;19.6;5.0;9.604
FUR-TA-10001771;3603.2880000000005;19.0;311.8230000000002
FUR-CH-10002044;694.194;7.0;-158.48579999999998
FUR-TA-10001086;2979.004;26.0;54.71640000000002
OFF-PA-10000048;6.48;1.0;3.1104
TEC-MA-10002109;449.97;4.0;47.99679999999998
OFF-PA-10003036;64.064;11.0;20.8208
TEC-PH-10001870;281.658;6.0;6.122999999999979
OFF-ST-10002182;284.104;16.0;-43.4512
TEC-PH-10001468;546.06;3.0;163.818
OFF-AR-10004010;671.808;20.0;153.95600000000002
OFF-ST-10003572;99.11999999999999;7.0;7.434
OFF-ST-10003994;849.3119999999999;16.0;-47.184
FUR-CH-10001545;1686.904;18.0;-36.473600000000005
FUR-FU-10004245;194.68800000000002;10.0;68.952
OFF-EN-10002592;176.01600000000002;17.0;77.58600000000001
OFF-AR-10000914;102.60799999999999;10.0;16.324
OFF-LA-10003498;266.4;18.0;133.2
TEC-MA-10003329;71.976;3.0;24.2919
FUR-FU-10000747;1002.3639999999999;23.0;124.60579999999996
TEC-PH-10004100;395.78;27.0;46.0544
OFF-ST-10000636;518.9399999999999;32.0;4.687199999999992
TEC-PH-10003174;727.944;7.0;90.993
OFF-PA-10001497;956.3040000000001;19.0;423.74159999999995
OFF-PA-10001952;82.22399999999999;4.0;32.8896
OFF-SU-10004661;102.0;13.0;20.23
OFF-PA-10001826;40.176;7.0;16.5888
TEC-MA-10001031;506.28;3.0;177.198
TEC-MA-10003176;1029.6;3.0;115.8299999999999
TEC-AC-10002647;383.04;4.0;148.96
TEC-PH-10002114;2279.96;4.0;592.7896
OFF-PA-10001593;136.344;25.0;54.119
TEC-AC-10004803;250.92;18.0;35.1288
OFF-PA-10001801;77.74000000000001;13.0;38.0926
TEC-PH-10000127;223.88799999999998;14.0;-50.3748
OFF-AP-10001564;1023.3520000000001;6.0;-9.303200000000004
TEC-AC-10004595;571.2;4.0;119.952
FUR-FU-10002874;63.824;2.0;9.57359999999999
FUR-FU-10003489;36.162;6.0;3.6162
TEC-MA-10002073;2339.982;3.0;-467.9964
TEC-PH-10004006;453.41999999999996;11.0;122.42339999999999
OFF-BI-10000279;85.25500000000001;10.0;8.670000000000002
OFF-PA-10000300;155.844;9.0;60.5394
OFF-BI-10004308;258.054;16.0;90.21400000000001
TEC-PH-10004080;625.508;13.0;-10.878400000000003
OFF-PA-10001260;88.11;11.0;39.6495
OFF-ST-10004946;259.68;5.0;59.510000000000005
OFF-PA-10002109;15.232;4.0;4.9504
TEC-MA-10004255;319.92;8.0;118.3704
FUR-FU-10003095;101.94;3.0;30.582
FUR-FU-10000820;146.11399999999998;10.0;6.795999999999999
TEC-MA-10002930;465.64500000000004;14.0;36.916
OFF-PA-10003205;35.948;5.0;14.2975
OFF-LA-10002368;16.704;7.0;6.8382
TEC-MA-10003230;1362.9;3.0;-19.4700000000001
OFF-PA-10000295;85.536;15.0;34.992
OFF-SU-10004884;195.052;13.0;49.864099999999986
FUR-FU-10002240;19.7;8.0;0.7879999999999998
FUR-FU-10001057;299.85;17.0;38.180899999999994
FUR-CH-10002073;5427.99;22.0;1292.1264
OFF-AP-10003278;106.172;10.0;2.794
TEC-PH-10002070;175.422;10.0;17.992
FUR-FU-10000277;1685.44;18.0;244.3888
TEC-AC-10004420;479.72;4.0;52.7692
TEC-PH-10004094;4211.7300000000005;32.0;467.97
TEC-MA-10002790;479.988;2.0;55.9986
OFF-AP-10001634;18.096;8.0;-2.5056000000000003
OFF-PA-10001837;36.288;7.0;12.700800000000001
OFF-AR-10003896;17.94;3.0;6.4584
OFF-BI-10002897;45.507999999999996;16.0;15.560799999999999
OFF-PA-10001243;29.900000000000002;5.0;14.651
FUR-FU-10003806;2058.496;19.0;-529.76
TEC-MA-10000904;341.991;3.0;-319.1916
OFF-LA-10002473;9.216;4.0;3.3408
FUR-FU-10003374;463.79600000000005;11.0;73.0232
TEC-MA-10001856;649.0;2.0;-272.58
OFF-ST-10003641;520.0799999999999;7.0;-20.487999999999957
OFF-AR-10004707;9.92;4.0;3.472
TEC-MA-10004086;29.925;5.0;-21.945
TEC-MA-10001695;703.71;6.0;-938.28
FUR-FU-10002506;93.52799999999999;8.0;2.0784000000000002
TEC-AC-10004518;280.0;14.0;109.19999999999999
OFF-AP-10000027;168.392;14.0;35.308
OFF-PA-10002558;268.24;7.0;93.884
TEC-AC-10000926;59.976;3.0;11.9952
OFF-PA-10001846;69.36;14.0;28.090799999999998
TEC-MA-10003673;3404.5;5.0;1668.205
FUR-BO-10001567;90.882;3.0;-190.8522
FUR-FU-10001379;58.784;4.0;-1.0687999999999995
TEC-MA-10000984;7834.4;7.0;881.37
OFF-AR-10000937;431.28999999999996;13.0;165.206
FUR-FU-10002030;97.812;8.0;-1.7783999999999978
OFF-FA-10000254;19.782;5.0;-3.768
OFF-AP-10004136;147.528;6.0;-36.882000000000005
TEC-AC-10002370;15.760000000000002;9.0;3.7036
OFF-AR-10003986;7.7;2.0;3.157
OFF-SU-10004290;45.144000000000005;7.0;10.1916
TEC-MA-10004552;1035.8;4.0;269.308
OFF-PA-10000312;182.72;10.0;59.384
OFF-PA-10001001;93.248;4.0;31.4712
OFF-PA-10001583;49.980000000000004;7.0;22.7115
TEC-MA-10002694;101.994;2.0;-71.3958
TEC-MA-10004626;600.0;6.0;218.4
TEC-PH-10004241;1439.968;4.0;143.9968
OFF-SU-10003936;13.992;5.0;-1.7489999999999999
TEC-MA-10003337;179.991;3.0;-251.9874
OFF-PA-10000210;99.9;5.0;46.953
OFF-AR-10003477;8.04;6.0;2.7336
FUR-CH-10002317;207.184;1.0;25.898
OFF-LA-10004677;26.568;9.0;8.9667
FUR-CH-10002780;600.4680000000001;8.0;47.3096
OFF-EN-10001535;7.072;2.0;2.3868
TEC-MA-10003493;91.475;1.0;-1.8295
TEC-AC-10002380;27.192;3.0;0.339899999999997
TEC-PH-10002817;323.976;3.0;36.4473
TEC-MA-10003589;224.937;3.0;-164.9538
OFF-AP-10003099;197.72;4.0;55.3616
TEC-PH-10002645;1499.97;5.0;-374.9925
OFF-ST-10001627;36.744;3.0;3.6744
